scenario,time_min,mean_nmp,bottom_nmp,middle_nmp,top_nmp,bottom_stress_mpa,middle_stress_mpa,top_stress_mpa,max_stress_mpa,channel_g_j_m2,channel_risk
thin_slow,0,1,1,1,1,0,0,0,0,0,0
thin_slow,0.5,0.97812845,0.98763133,0.98072306,0.95866794,8.0450953e-07,1.0468392e-06,1.5452645e-06,1.5452645e-06,7.4039672e-09,1.8509918e-09
thin_slow,1,0.95683019,0.96706261,0.95951796,0.93628814,1.2143338e-06,1.3219743e-06,1.6206734e-06,1.6206734e-06,1.085411e-08,2.7135274e-09
thin_slow,1.5,0.93602238,0.946582,0.93879789,0.9148123,1.4099509e-06,1.5008496e-06,1.8046289e-06,1.8046289e-06,1.3640426e-08,3.4101065e-09
thin_slow,2,0.91569192,0.92656759,0.91855731,0.8938157,1.5644433e-06,1.6621663e-06,2.0456928e-06,2.0456928e-06,1.6221477e-08,4.0553693e-09
thin_slow,2.5,0.89582845,0.9070262,0.89878626,0.87326966,1.7287059e-06,1.8538898e-06,2.4272607e-06,2.4272607e-06,1.9202032e-08,4.800508e-09
thin_slow,3,0.87642197,0.88794866,0.8794748,0.8531631,1.9506977e-06,2.1364844e-06,3.1063257e-06,3.1063257e-06,2.3468626e-08,5.8671566e-09
thin_slow,3.5,0.85746272,0.86932518,0.86061319,0.83348607,2.3014078e-06,2.6080351e-06,4.3782604e-06,4.3782604e-06,3.0578977e-08,7.6447443e-09
thin_slow,4,0.83894114,0.85114614,0.84219191,0.81422893,2.8999347e-06,3.4399811e-06,6.8119118e-06,6.8119118e-06,4.3489377e-08,1.0872344e-08
thin_slow,4.5,0.82084791,0.8334021,0.82420166,0.79538227,3.9538462e-06,4.9398362e-06,1.1527061e-05,1.1527061e-05,6.8103309e-08,1.7025827e-08
thin_slow,5,0.80317389,0.81608382,0.80663332,0.77693693,5.8311696e-06,7.6683281e-06,2.0789729e-05,2.0789729e-05,1.1684635e-07,2.9211588e-08
thin_slow,5.5,0.78591017,0.7991822,0.789478,0.75888401,9.1944597e-06,1.2666951e-05,3.9347359e-05,3.9347359e-05,2.1756374e-07,5.4390936e-08
thin_slow,6,0.76904802,0.78268838,0.77272697,0.74121482,1.525936e-05,2.19164e-05,7.7544354e-05,7.7544354e-05,4.3745011e-07,1.0936253e-07
thin_slow,6.5,0.75257891,0.7665936,0.75637171,0.72392094,2.6310055e-05,3.9292197e-05,0.00015878935,0.00015878935,9.5266277e-07,2.3816569e-07
thin_slow,7,0.73649448,0.75088932,0.74040386,0.70699416,4.67577e-05,7.2613581e-05,0.00033747309,0.00033747309,2.2661414e-06,5.6653534e-07
thin_slow,7.5,0.72078659,0.73556711,0.72481525,0.69042652,8.5362482e-05,0.00013810967,0.00074001379,0.00074001379,5.9263177e-06,1.4815794e-06
thin_slow,8,0.70544724,0.72061872,0.70959786,0.67421029,0.00015994105,0.00027011634,0.0016473063,0.0016473063,1.6922014e-05,4.2305036e-06
thin_slow,8.5,0.69046861,0.70603603,0.69474384,0.65833797,0.00030720972,0.00054132651,0.0036184515,0.0036184515,5.1179353e-05,1.2794838e-05
thin_slow,9,0.67584305,0.69181107,0.68024551,0.64280229,0.00060236625,0.0011011325,0.0075759125,0.0075759125,0.00015558692,3.8896731e-05
thin_slow,9.5,0.66156308,0.67793598,0.66609532,0.62759621,0.0011939526,0.0022349622,0.014682972,0.014682972,0.0004491108,0.0001122777
thin_slow,10,0.64762136,0.66440306,0.65228587,0.61271291,0.0023536714,0.0044235428,0.025953134,0.025953134,0.0011811296,0.0002952824
thin_slow,10.5,0.63401071,0.6512047,0.6388099,0.5981458,0.0045199169,0.0083408765,0.041829568,0.041829568,0.002779315,0.00069482876
thin_slow,11,0.62072409,0.63833345,0.62566027,0.58388852,0.0082854497,0.014727853,0.062040698,0.062040698,0.0058508351,0.0014627088
thin_slow,11.5,0.60775461,0.62578195,0.61283,0.56993491,0.014286513,0.024168324,0.085771478,0.085771478,0.01112026,0.0027800649
thin_slow,12,0.59509549,0.61354294,0.6003122,0.55627907,0.023021951,0.036896818,0.11197007,0.11197007,0.019318091,0.0048295227
thin_slow,12.5,0.58274012,0.60160929,0.5881001,0.54291527,0.034701349,0.052747334,0.13961376,0.13961376,0.031058831,0.0077647077
thin_slow,13,0.57068198,0.58997396,0.57618706,0.52983802,0.049202305,0.071240876,0.1678613,0.1678613,0.046753346,0.011688337
thin_slow,13.5,0.5589147,0.57863002,0.56456653,0.51704203,0.066135581,0.091735476,0.1961,0.1961,0.066579822,0.016644956
thin_slow,14,0.547432,0.56757064,0.55323206,0.50452224,0.084962392,0.11356578,0.22392781,0.22392781,0.090507371,0.022626843
thin_slow,14.5,0.53622773,0.55678907,0.5421773,0.49227375,0.1051082,0.13613674,0.25110784,0.25110784,0.11834894,0.029587235
thin_slow,15,0.52529585,0.54627866,0.531396,0.48029189,0.12604364,0.15896811,0.27751974,0.27751974,0.14982013,0.037455033
thin_slow,15.5,0.5146304,0.53603287,0.52088199,0.46857218,0.14732739,0.18170246,0.30311862,0.30311862,0.18458936,0.046147341
thin_slow,16,0.50422555,0.52604522,0.51062919,0.45711031,0.16861882,0.20409219,0.32790476,0.32790476,0.22231384,0.055578459
thin_slow,16.5,0.49407554,0.51630935,0.50063159,0.44590217,0.18967179,0.22597805,0.3519029,0.3519029,0.26266182,0.065665456
thin_slow,17,0.4841747,0.50681896,0.49088328,0.43494379,0.21031952,0.24726675,0.37514915,0.37514915,0.30532422,0.076331054
thin_slow,17.5,0.47451747,0.49756785,0.4813784,0.42423139,0.23045696,0.26791154,0.39768307,0.39768307,0.35001894,0.087504736
thin_slow,18,0.46509835,0.48854992,0.47211118,0.41376134,0.25002452,0.28789678,0.41954326,0.41954326,0.39649109,0.099122772
thin_slow,18.5,0.45591194,0.47975915,0.46307592,0.40353012,0.26899448,0.30722667,0.44076518,0.44076518,0.44451086,0.11112771
thin_slow,19,0.4469529,0.47118959,0.45426699,0.39353439,0.28736058,0.32591726,0.46138023,0.46138023,0.49387069,0.12346767
thin_slow,19.5,0.43821597,0.46283541,0.44567882,0.38377088,0.3051303,0.34399104,0.48141559,0.48141559,0.54438226,0.13609556
thin_slow,20,0.42969596,0.45469084,0.43730592,0.37423646,0.32231945,0.36147351,0.50089448,0.50089448,0.59587373,0.14896843
thin_slow,20.5,0.42138776,0.44675023,0.42914285,0.36492807,0.33894843,0.37839093,0.51983657,0.51983657,0.64818747,0.16204687
thin_slow,21,0.41328632,0.439008,0.42118427,0.35584274,0.35503982,0.39476907,0.53825849,0.53825849,0.70117812,0.17529453
thin_slow,21.5,0.40538664,0.43145866,0.41342487,0.34697755,0.37061679,0.4106325,0.55617431,0.55617431,0.75471113,0.18867778
thin_slow,22,0.39768383,0.42409684,0.40585945,0.33832963,0.38570214,0.42600423,0.57359603,0.57359603,0.80866154,0.20216538
thin_slow,22.5,0.39017301,0.41691724,0.39848285,0.32989616,0.4003178,0.44090565,0.59053393,0.59053393,0.86291311,0.21572828
thin_slow,23,0.3828494,0.40991468,0.39129,0.3216743,0.41448447,0.45535649,0.60699698,0.60699698,0.91735761,0.2293394
thin_slow,23.5,0.37570827,0.40308405,0.38427589,0.31366125,0.42822159,0.46937499,0.62299311,0.62299311,0.97189424,0.24297356
thin_slow,24,0.36874496,0.39642036,0.37743561,0.30585417,0.4415473,0.482978,0.63852948,0.63852948,1.0264292,0.25660729
thin_slow,24.5,0.36195487,0.38991873,0.37076429,0.29825021,0.45447848,0.4961811,0.6536127,0.6536127,1.0808753,0.27021881
thin_slow,25,0.35533345,0.38357436,0.36425718,0.29084647,0.46703085,0.50899883,0.66824898,0.66824898,1.1351516,0.2837879
thin_slow,25.5,0.34887625,0.37738257,0.35790959,0.28363999,0.47921907,0.52144471,0.68244431,0.68244431,1.1891834,0.29729584
thin_slow,26,0.34257886,0.37133877,0.35171694,0.27662778,0.49105686,0.53353144,0.69620456,0.69620456,1.2429015,0.31072538
thin_slow,26.5,0.33643694,0.3654385,0.3456747,0.26980676,0.50255704,0.545271,0.7095356,0.7095356,1.2962425,0.32406062
thin_slow,27,0.33044623,0.35967738,0.33977846,0.26317378,0.5137317,0.55667469,0.72244332,0.72244332,1.3491481,0.33728702
thin_slow,27.5,0.32460254,0.35405116,0.3340239,0.2567256,0.5245922,0.56775326,0.73493379,0.73493379,1.4015651,0.35039128
thin_slow,28,0.31890175,0.34855569,0.32840678,0.2504589,0.53514931,0.57851695,0.74701319,0.74701319,1.4534453,0.36336134
thin_slow,28.5,0.31333982,0.34318691,0.32292297,0.24437029,0.54541322,0.58897553,0.75868794,0.75868794,1.504745,0.37618626
thin_slow,29,0.30791278,0.33794091,0.31756843,0.23845629,0.55539362,0.59913839,0.76996467,0.76996467,1.5554249,0.38885623
thin_slow,29.5,0.30261674,0.33281384,0.31233924,0.23271332,0.56509976,0.60901452,0.78085023,0.78085023,1.6054499,0.40136247
thin_slow,30,0.29744791,0.32780199,0.30723154,0.22713775,0.57454047,0.61861259,0.79135174,0.79135174,1.6547887,0.41369717
thin_slow,30.5,0.29240255,0.32290176,0.30224162,0.22172585,0.58372418,0.62794095,0.80147651,0.80147651,1.7034138,0.42585345
thin_slow,31,0.28747704,0.31810963,0.29736584,0.21647387,0.592659,0.63700765,0.81123211,0.81123211,1.7513013,0.43782532
thin_slow,31.5,0.28266782,0.3134222,0.29260067,0.21137795,0.60135268,0.64582045,0.82062631,0.82062631,1.7984303,0.44960759
thin_slow,32,0.27797142,0.30883619,0.28794269,0.20643424,0.60981269,0.65438688,0.82966705,0.82966705,1.8447833,0.46119582
thin_slow,32.5,0.27338447,0.3043484,0.28338857,0.2016388,0.6180462,0.6627142,0.83836246,0.83836246,1.8903452,0.4725863
thin_slow,33,0.26890367,0.29995574,0.27893511,0.19698772,0.62606012,0.67080942,0.8467208,0.8467208,1.9351039,0.48377597
thin_slow,33.5,0.26452583,0.29565522,0.27457918,0.19247702,0.63386111,0.67867933,0.85475045,0.85475045,1.9790494,0.49476236
thin_slow,34,0.26024784,0.29144395,0.27031776,0.18810277,0.64145556,0.68633049,0.86245987,0.86245987,2.0221743,0.50554357
thin_slow,34.5,0.25606668,0.28731915,0.26614794,0.18386101,0.64884966,0.69376925,0.86985759,0.86985759,2.0644729,0.51611823
thin_slow,35,0.2519794,0.2832781,0.26206691,0.17974782,0.65604936,0.70100175,0.87695216,0.87695216,2.1059417,0.52648541
thin_slow,35.5,0.24798316,0.27931821,0.25807193,0.17575929,0.66306041,0.70803391,0.88375214,0.88375214,2.1465785,0.53664463
thin_slow,36,0.24407521,0.27543697,0.25416038,0.17189156,0.66988835,0.71487147,0.89026607,0.89026607,2.1863832,0.54659579
thin_slow,36.5,0.24025288,0.27163194,0.25032973,0.16814082,0.67653851,0.72151997,0.89650245,0.89650245,2.2253566,0.55633915
thin_slow,37,0.23651357,0.26790079,0.24657753,0.16450331,0.68301606,0.72798476,0.90246969,0.90246969,2.2635011,0.56587526
thin_slow,37.5,0.23285478,0.26424126,0.24290142,0.16097533,0.68932596,0.734271,0.90817614,0.90817614,2.30082,0.575205
thin_slow,38,0.22927409,0.26065118,0.23929914,0.15755324,0.695473,0.7403837,0.91363,0.91363,2.3373179,0.58432948
thin_slow,38.5,0.22576917,0.25712845,0.2357685,0.15423351,0.70146183,0.74632767,0.91883939,0.91883939,2.3730001,0.59325003
thin_slow,39,0.22233775,0.25367107,0.23230738,0.15101264,0.70729689,0.75210755,0.92381225,0.92381225,2.4078729,0.60196821
thin_slow,39.5,0.21897764,0.25027708,0.22891378,0.14788726,0.71298249,0.75772785,0.92855638,0.92855638,2.441943,0.61048574
thin_slow,40,0.21568675,0.24694462,0.22558572,0.14485405,0.71852278,0.7631929,0.93307942,0.93307942,2.475218,0.6188045
thin_slow,40.5,0.21246303,0.24367189,0.22232134,0.14190981,0.72392177,0.76850688,0.93738882,0.93738882,2.507706,0.6269265
thin_slow,41,0.20930451,0.24045715,0.21911883,0.13905141,0.7291833,0.77367382,0.94149186,0.94149186,2.5394155,0.63485388
thin_slow,41.5,0.20620931,0.23729874,0.21597645,0.13627583,0.73431112,0.77869762,0.94539561,0.94539561,2.5703556,0.64258889
thin_slow,42,0.2031756,0.23419505,0.21289253,0.13358012,0.73930879,0.78358204,0.94910696,0.94910696,2.6005354,0.65013385
thin_slow,42.5,0.20020162,0.23114454,0.20986545,0.13096145,0.74417979,0.78833071,0.95263261,0.95263261,2.6299647,0.65749116
thin_slow,43,0.19728565,0.22814574,0.20689367,0.12841706,0.74892746,0.79294712,0.95597904,0.95597904,2.6586531,0.66466328
thin_slow,43.5,0.19442607,0.2251972,0.2039757,0.12594431,0.753555,0.79743466,0.95915255,0.95915255,2.6866109,0.67165272
thin_slow,44,0.1916213,0.22229755,0.20111011,0.12354064,0.75806552,0.80179658,0.96215922,0.96215922,2.7138481,0.67846203
thin_slow,44.5,0.1888698,0.21944548,0.1982955,0.12120356,0.76246201,0.80603603,0.96500495,0.96500495,2.7403752,0.68509379
thin_slow,45,0.18617011,0.21663972,0.19553056,0.11893071,0.76674737,0.81015604,0.96769543,0.96769543,2.7662024,0.6915506
thin_slow,45.5,0.18352081,0.21387904,0.19281401,0.11671978,0.77092436,0.81415956,0.97023615,0.97023615,2.7913403,0.69783508
thin_slow,46,0.18092054,0.21116226,0.1901446,0.11456856,0.77499568,0.81804941,0.97263244,0.97263244,2.8157994,0.70394985
thin_slow,46.5,0.17836798,0.20848825,0.18752117,0.11247494,0.77896391,0.82182834,0.97488942,0.97488942,2.8395902,0.70989754
thin_slow,47,0.17586185,0.20585593,0.18494255,0.11043686,0.78283155,0.82549899,0.97701201,0.97701201,2.8627231,0.71568077
thin_slow,47.5,0.17340093,0.20326425,0.18240766,0.10845237,0.78660101,0.82906392,0.97900498,0.97900498,2.8852087,0.72130216
thin_slow,48,0.17098405,0.2007122,0.17991542,0.10651956,0.7902746,0.8325256,0.98087291,0.98087291,2.9070573,0.72676432
thin_slow,48.5,0.16861004,0.19819881,0.17746481,0.10463663,0.79385458,0.83588642,0.98262023,0.98262023,2.9282793,0.73206983
thin_slow,49,0.16627782,0.19572314,0.17505485,0.10280183,0.79734311,0.8391487,0.98425118,0.98425118,2.9488851,0.73722126
thin_slow,49.5,0.16398633,0.1932843,0.17268458,0.10101348,0.80074226,0.84231467,0.98576986,0.98576986,2.9688847,0.74222117
thin_slow,50,0.16173453,0.19088142,0.17035308,0.099269985,0.80405407,0.84538651,0.98718019,0.98718019,2.9882883,0.74707209
thin_slow,50.5,0.15952144,0.18851368,0.16805945,0.09756979,0.80728048,0.84836632,0.98848598,0.98848598,3.007106,0.7517765
thin_slow,51,0.15734609,0.18618025,0.16580285,0.095911413,0.81042337,0.85125612,0.98969086,0.98969086,3.0253476,0.7563369
thin_slow,51.5,0.15520758,0.18388038,0.16358244,0.094293431,0.81348455,0.85405789,0.99079834,0.99079834,3.0430229,0.76075572
thin_slow,52,0.15310499,0.18161332,0.16139741,0.092714478,0.81646578,0.85677355,0.9918118,0.9918118,3.0601415,0.76503538
thin_slow,52.5,0.15103748,0.17937834,0.159247,0.091173241,0.81936876,0.85940494,0.99273446,0.99273446,3.0767131,0.76917826
thin_slow,53,0.14900421,0.17717476,0.15713045,0.089668461,0.82219512,0.86195386,0.99356946,0.99356946,3.0927469,0.77318673
thin_slow,53.5,0.14700437,0.17500191,0.15504703,0.088198928,0.82494646,0.86442207,0.99431979,0.99431979,3.1082524,0.77706309
thin_slow,54,0.14503718,0.17285915,0.15299603,0.086763482,0.8276243,0.86681125,0.99498833,0.99498833,3.1232386,0.78080964
thin_slow,54.5,0.14310189,0.17074584,0.15097679,0.085361007,0.83023013,0.86912306,0.99557787,0.99557787,3.1377145,0.78442864
thin_slow,55,0.14119777,0.1686614,0.14898863,0.083990434,0.83276538,0.87135908,0.99609106,0.99609106,3.1516892,0.78792229
thin_slow,55.5,0.13932412,0.16660524,0.14703091,0.082650734,0.83523145,0.87352089,0.99653047,0.99653047,3.1651712,0.7912928
thin_slow,56,0.13748025,0.1645768,0.14510302,0.08134092,0.83762968,0.87560998,0.99689857,0.99689857,3.1781693,0.79454231
thin_slow,56.5,0.1356655,0.16257555,0.14320435,0.080060045,0.83996138,0.87762784,0.99719773,0.99719773,3.1906918,0.79767295
thin_slow,57,0.13387924,0.16060096,0.14133432,0.078807197,0.8422278,0.87957589,0.99743024,0.99743024,3.2027472,0.80068679
thin_slow,57.5,0.13212084,0.15865253,0.13949235,0.077581501,0.84443018,0.88145552,0.9975983,0.9975983,3.2143436,0.8035859
thin_slow,58,0.13038969,0.15672976,0.1376779,0.076382115,0.8465697,0.8832681,0.99770402,0.99770402,3.2254892,0.80637229
thin_slow,58.5,0.12868523,0.1548322,0.13589042,0.075208233,0.84864752,0.88501494,0.99774944,0.99774944,3.2361918,0.80904795
thin_slow,59,0.12700688,0.15295937,0.13412941,0.074059076,0.85066474,0.88669734,0.99773652,0.99773652,3.2464593,0.81161482
thin_slow,59.5,0.1253541,0.15111084,0.13239434,0.072933897,0.85262246,0.88831655,0.99766714,0.99766714,3.2562993,0.81407484
thin_slow,60,0.12372635,0.14928618,0.13068473,0.071831979,0.85452173,0.88987378,0.99754312,0.99754312,3.2657195,0.81642988
thin_slow,60.5,0.12212312,0.14748497,0.1290001,0.07075263,0.85636358,0.89137025,0.99736622,0.99736622,3.2747273,0.81868181
thin_slow,61,0.12054392,0.14570681,0.12733999,0.069695185,0.858149,0.8928071,0.99713811,0.99713811,3.2833298,0.82083246
thin_slow,61.5,0.11898825,0.14395131,0.12570392,0.068659005,0.85987896,0.89418548,0.99686042,0.99686042,3.2915344,0.82288361
thin_slow,62,0.11745565,0.1422181,0.12409148,0.067643474,0.86155439,0.8955065,0.99653472,0.99653472,3.2993481,0.82483703
thin_slow,62.5,0.11594565,0.1405068,0.12250221,0.066648,0.86317623,0.89677124,0.99616251,0.99616251,3.3067778,0.82669446
thin_slow,63,0.11445782,0.13881707,0.1209357,0.065672013,0.86474535,0.89798076,0.99574525,0.99574525,3.3138304,0.8284576
thin_slow,63.5,0.11299172,0.13714854,0.11939155,0.064714962,0.86626262,0.89913609,0.99528434,0.99528434,3.3205125,0.83012813
thin_slow,64,0.11154693,0.13550089,0.11786935,0.06377632,0.8677289,0.90023824,0.99478113,0.99478113,3.3268308,0.83170769
thin_slow,64.5,0.11012304,0.13387379,0.11636872,0.062855575,0.86914501,0.9012882,0.99423692,0.99423692,3.3327916,0.8331979
thin_slow,65,0.10871967,0.13226692,0.11488926,0.061952237,0.87051175,0.90228694,0.99365298,0.99365298,3.3384015,0.83460037
thin_slow,65.5,0.10733641,0.13067997,0.11343062,0.061065832,0.8718299,0.90323539,0.99303051,0.99303051,3.3436666,0.83591664
thin_slow,66,0.1059729,0.12911264,0.11199243,0.060195905,0.87310024,0.90413449,0.9923707,0.9923707,3.3485931,0.83714827
thin_slow,66.5,0.10462877,0.12756464,0.11057433,0.059342013,0.87432351,0.90498512,0.99167466,0.99167466,3.353187,0.83829676
thin_slow,67,0.10330366,0.12603568,0.10917598,0.058503734,0.87550044,0.90578819,0.99094349,0.99094349,3.3574544,0.8393636
thin_slow,67.5,0.10199723,0.12452547,0.10779705,0.057680657,0.87663175,0.90654454,0.99017824,0.99017824,3.361401,0.84035026
thin_slow,68,0.10070914,0.12303376,0.1064372,0.056872388,0.87771813,0.90725504,0.98937994,0.98937994,3.3650327,0.84125817
thin_slow,68.5,0.099439065,0.12156027,0.10509611,0.056078544,0.87876026,0.90792049,0.98854956,0.98854956,3.368355,0.84208874
thin_slow,69,0.098186681,0.12010475,0.10377347,0.055298758,0.87975882,0.90854173,0.98768807,0.98768807,3.3713735,0.84284337
thin_slow,69.5,0.096951677,0.11866694,0.10246897,0.054532674,0.88071445,0.90911953,0.98679636,0.98679636,3.3740937,0.84352342
thin_slow,70,0.095733749,0.1172466,0.10118231,0.053779948,0.88162781,0.90965468,0.98587535,0.98587535,3.3765209,0.84413023
thin_slow,70.5,0.094532601,0.11584348,0.09991319,0.053040249,0.8824995,0.91014795,0.98492587,0.98492587,3.3786606,0.84466514
thin_slow,71,0.093347942,0.11445735,0.098661331,0.052313256,0.88333016,0.91060007,0.98394877,0.98394877,3.3805177,0.84512943
thin_slow,71.5,0.092179492,0.11308797,0.097426448,0.051598659,0.88412038,0.91101177,0.98294485,0.98294485,3.3820976,0.84552439
thin_slow,72,0.091026975,0.11173513,0.096208266,0.050896159,0.88487075,0.91138379,0.98191488,0.98191488,3.3834051,0.84585128
thin_slow,72.5,0.089890121,0.1103986,0.095006514,0.050205466,0.88558185,0.91171681,0.98085962,0.98085962,3.3844453,0.84611133
thin_slow,73,0.088768669,0.10907816,0.093820931,0.0495263,0.88625425,0.91201153,0.97977979,0.97977979,3.385223,0.84630576
thin_slow,73.5,0.087662363,0.10777361,0.092651256,0.04885839,0.88688852,0.91226862,0.97867611,0.97867611,3.3857431,0.84643576
thin_slow,74,0.086570953,0.10648473,0.091497239,0.048201473,0.88748519,0.91248874,0.97754925,0.97754925,3.3860101,0.84650253
thin_slow,74.5,0.085494194,0.10521132,0.090358631,0.047555297,0.88804481,0.91267255,0.97639987,0.97639987,3.3860288,0.8465072
thin_slow,75,0.084431847,0.10395318,0.08923519,0.046919615,0.8885679,0.91282068,0.97522862,0.97522862,3.3858037,0.84645093
thin_slow,75.5,0.08338368,0.10271011,0.088126678,0.046294189,0.88905499,0.91293375,0.97403612,0.97403612,3.3853394,0.84633484
thin_slow,76,0.082349464,0.10148193,0.087032864,0.045678788,0.88950659,0.91301238,0.97282296,0.97282296,3.3846401,0.84616003
thin_slow,76.5,0.081328976,0.10026844,0.085953519,0.045073191,0.8899232,0.91305717,0.97158974,0.97158974,3.3837103,0.84592759
thin_slow,77,0.080321999,0.099069451,0.08488842,0.04447718,0.89030532,0.9130687,0.97033701,0.97033701,3.3825543,0.84563858
thin_slow,77.5,0.07932832,0.09788479,0.083837348,0.043890546,0.89065344,0.91304757,0.96906533,0.96906533,3.3811763,0.84529407
thin_slow,78,0.078347729,0.096714275,0.08280009,0.043313085,0.89096803,0.91299433,0.96777523,0.96777523,3.3795803,0.84489508
thin_slow,78.5,0.077380023,0.095557729,0.081776434,0.042744601,0.89124956,0.91290955,0.96646722,0.96646722,3.3777706,0.84444264
thin_slow,79,0.076425002,0.094414979,0.080766174,0.042184903,0.89149851,0.91279376,0.9651418,0.9651418,3.375751,0.84393776
thin_slow,79.5,0.075482471,0.093285854,0.079769109,0.041633804,0.89171534,0.91264752,0.96379946,0.96379946,3.3735256,0.84338141
thin_slow,80,0.074552238,0.092170187,0.078785041,0.041091126,0.89190048,0.91247134,0.96244068,0.96244068,3.3710983,0.84277457
thin_slow,80.5,0.073634116,0.091067812,0.077813775,0.040556694,0.8920544,0.91226574,0.9610659,0.9610659,3.3684728,0.84211821
thin_slow,81,0.072727921,0.089978567,0.07685512,0.040030338,0.89217752,0.91203124,0.95967559,0.95967559,3.365653,0.84141326
thin_slow,81.5,0.071833475,0.088902292,0.07590889,0.039511893,0.89227029,0.91176833,0.95827015,0.95827015,3.3626426,0.84066066
thin_slow,82,0.0709506,0.08783883,0.074974901,0.039001201,0.89233312,0.9114775,0.95685003,0.95685003,3.3594452,0.83986131
thin_slow,82.5,0.070079124,0.086788025,0.074052973,0.038498105,0.89236644,0.91115924,0.95541562,0.95541562,3.3560645,0.83901612
thin_slow,83,0.069218878,0.085749724,0.07314293,0.038002455,0.89237066,0.91081401,0.95396732,0.95396732,3.3525039,0.83812598
thin_slow,83.5,0.068369697,0.084723777,0.072244598,0.037514104,0.8923462,0.91044229,0.95250553,0.95250553,3.348767,0.83719175
thin_slow,84,0.067531417,0.083710035,0.071357806,0.03703291,0.89229345,0.91004453,0.9510306,0.9510306,3.3448572,0.83621431
thin_slow,84.5,0.066703879,0.082708352,0.070482389,0.036558735,0.89221282,0.90962118,0.94954291,0.94954291,3.340778,0.83519449
thin_slow,85,0.065886928,0.081718583,0.069618182,0.036091443,0.89210471,0.90917267,0.94804281,0.94804281,3.3365325,0.83413314
thin_slow,85.5,0.06508041,0.080740586,0.068765023,0.035630904,0.89196949,0.90869946,0.94653065,0.94653065,3.3321243,0.83303107
thin_slow,86,0.064284173,0.079774221,0.067922756,0.03517699,0.89180755,0.90820195,0.94500677,0.94500677,3.3275563,0.83188909
thin_slow,86.5,0.063498072,0.078819348,0.067091224,0.034729577,0.89161928,0.90768057,0.94347148,0.94347148,3.322832,0.830708
thin_slow,87,0.062721961,0.077875831,0.066270275,0.034288544,0.89140505,0.90713574,0.94192511,0.94192511,3.3179543,0.82948858
thin_slow,87.5,0.061955697,0.076943536,0.065459759,0.033853774,0.89116522,0.90656785,0.94036797,0.94036797,3.3129265,0.82823162
thin_slow,88,0.061199142,0.076022328,0.06465953,0.033425152,0.89090016,0.9059773,0.93880036,0.93880036,3.3077515,0.82693787
thin_slow,88.5,0.060452159,0.075112078,0.063869442,0.033002567,0.89061024,0.90536449,0.93722258,0.93722258,3.3024323,0.82560809
thin_slow,89,0.059714612,0.074212654,0.063089353,0.032585909,0.89029581,0.90472981,0.9356349,0.9356349,3.296972,0.824243
thin_slow,89.5,0.05898637,0.073323929,0.062319125,0.032175074,0.88995721,0.90407361,0.93403761,0.93403761,3.2913734,0.82284335
thin_slow,90,0.058267302,0.072445777,0.061558619,0.031769958,0.88959481,0.9033963,0.93243098,0.93243098,3.2856394,0.82140985
thin_slow,90.5,0.057557283,0.071578072,0.0608077,0.03137046,0.88920894,0.90269821,0.93081528,0.93081528,3.2797728,0.81994321
thin_slow,91,0.056856185,0.070720691,0.060066238,0.030976483,0.88879994,0.90197973,0.92919077,0.92919077,3.2737765,0.81844412
thin_slow,91.5,0.056163887,0.069873513,0.0593341,0.03058793,0.88836815,0.90124119,0.92755769,0.92755769,3.2676531,0.81691328
thin_slow,92,0.055480267,0.069036417,0.058611159,0.030204708,0.88791389,0.90048296,0.92591629,0.92591629,3.2614054,0.81535135
thin_slow,92.5,0.054805207,0.068209285,0.057897288,0.029826727,0.88743751,0.89970537,0.92426682,0.92426682,3.255036,0.81375901
thin_slow,93,0.054138589,0.067391999,0.057192365,0.029453897,0.88693932,0.89890875,0.9226095,0.9226095,3.2485477,0.81213691
thin_slow,93.5,0.053480299,0.066584443,0.056496267,0.029086131,0.88641964,0.89809345,0.92094457,0.92094457,3.2419428,0.81048571
thin_slow,94,0.052830223,0.065786502,0.055808874,0.028723346,0.88587878,0.89725979,0.91927224,0.91927224,3.2352241,0.80880602
thin_slow,94.5,0.052188252,0.064998064,0.055130069,0.028365458,0.88531707,0.89640808,0.91759274,0.91759274,3.228394,0.8070985
thin_slow,95,0.051554275,0.064219016,0.054459735,0.028012386,0.88473481,0.89553865,0.91590628,0.91590628,3.221455,0.80536375
thin_slow,95.5,0.050928185,0.063449249,0.053797759,0.027664052,0.8841323,0.89465181,0.91421306,0.91421306,3.2144095,0.80360239
thin_slow,96,0.050309877,0.062688653,0.053144028,0.027320378,0.88350985,0.89374786,0.91251329,0.91251329,3.20726,0.80181501
thin_slow,96.5,0.049699246,0.06193712,0.052498432,0.026981289,0.88286776,0.89282711,0.91080717,0.91080717,3.2000088,0.80000221
thin_slow,97,0.04909619,0.061194543,0.051860862,0.026646712,0.88220632,0.89188984,0.90909488,0.90909488,3.1926583,0.79816457
thin_slow,97.5,0.048500609,0.060460818,0.051231212,0.026316574,0.88152583,0.89093636,0.90737663,0.90737663,3.1852107,0.79630267
thin_slow,98,0.047912403,0.059735839,0.050609375,0.025990806,0.88082656,0.88996695,0.90565258,0.90565258,3.1776683,0.79441708
thin_slow,98.5,0.047331476,0.059019505,0.049995249,0.025669337,0.88010881,0.8889819,0.90392293,0.90392293,3.1700334,0.79250834
thin_slow,99,0.04675773,0.058311713,0.049388732,0.025352101,0.87937287,0.88798148,0.90218785,0.90218785,3.1623081,0.79057702
thin_slow,99.5,0.046191072,0.057612362,0.048789722,0.025039032,0.878619,0.88696596,0.90044751,0.90044751,3.1544946,0.78862366
thin_slow,100,0.045631409,0.056921355,0.048198122,0.024730065,0.87784748,0.88593563,0.89870208,0.89870208,3.1465951,0.78664878
thin_slow,100.5,0.04507865,0.056238591,0.047613834,0.024425137,0.87705859,0.88489074,0.89695173,0.89695173,3.1386117,0.78465292
thin_slow,101,0.044532703,0.055563975,0.047036762,0.024124186,0.8762526,0.88383155,0.89519662,0.89519662,3.1305463,0.78263659
thin_slow,101.5,0.04399348,0.05489741,0.046466811,0.023827152,0.87542976,0.88275833,0.8934369,0.8934369,3.1224012,0.7806003
thin_slow,102,0.043460895,0.054238802,0.045903889,0.023533975,0.87459035,0.88167133,0.89167273,0.89167273,3.1141782,0.77854456
thin_slow,102.5,0.04293486,0.053588056,0.045347905,0.023244598,0.87373463,0.8805708,0.88990427,0.88990427,3.1058794,0.77646986
thin_slow,103,0.042415291,0.052945081,0.044798768,0.022958962,0.87286284,0.87945699,0.88813165,0.88813165,3.0975068,0.77437669
thin_slow,103.5,0.041902104,0.052309783,0.044256389,0.022677014,0.87197525,0.87833014,0.88635503,0.88637479,3.0890621,0.77226554
thin_slow,104,0.041395218,0.051682074,0.043720681,0.022398697,0.87107211,0.87719049,0.88457455,0.88462925,3.0805475,0.77013687
thin_slow,104.5,0.040894551,0.051061863,0.043191558,0.022123958,0.87015366,0.87603827,0.88279034,0.88289587,3.0719646,0.76799115
thin_slow,105,0.040400023,0.050449062,0.042668934,0.021852745,0.86922015,0.87487372,0.88100255,0.8811826,3.0633154,0.76582884
thin_slow,105.5,0.039911556,0.049843584,0.042152727,0.021585007,0.86827183,0.87369707,0.8792113,0.87948091,3.0546016,0.7636504
thin_slow,106,0.039429071,0.049245341,0.041642853,0.021320692,0.86730893,0.87250854,0.87741672,0.87779121,3.0458251,0.76145628
thin_slow,106.5,0.038952493,0.04865425,0.041139231,0.021059751,0.86633168,0.87130835,0.87561895,0.87611386,3.0369876,0.7592469
thin_slow,107,0.038481746,0.048070224,0.040641782,0.020802136,0.86534034,0.87009673,0.87381811,0.87445202,3.0280908,0.75702271
thin_slow,107.5,0.038016756,0.047493181,0.040150426,0.020547798,0.86433511,0.8688739,0.87201433,0.87280436,3.0191365,0.75478413
thin_slow,108,0.03755745,0.046923038,0.039665086,0.020296692,0.86331624,0.86764005,0.87020771,0.8711688,3.0101263,0.75253158
thin_slow,108.5,0.037103755,0.046359713,0.039185685,0.02004877,0.86228395,0.86639541,0.86839839,0.86954551,3.0010619,0.75026548
thin_slow,109,0.036655601,0.045803127,0.038712147,0.019803989,0.86123847,0.86514017,0.86658647,0.8679346,2.9919449,0.74798622
thin_slow,109.5,0.036212917,0.045253198,0.038244398,0.019562303,0.86018001,0.86387455,0.86477208,0.86633613,2.9827769,0.74569423
thin_slow,110,0.035775635,0.044709849,0.037782365,0.01932367,0.85910879,0.86259874,0.86295531,0.86475011,2.9735595,0.74338987
thin_slow,110.5,0.035343685,0.044173001,0.037325975,0.019088045,0.85802503,0.86131295,0.86113629,0.86317648,2.9642942,0.74107356
thin_slow,111,0.034917002,0.043642578,0.036875156,0.018855389,0.85692894,0.86001736,0.85931511,0.86161517,2.9549827,0.73874567
thin_slow,111.5,0.034495518,0.043118503,0.036429839,0.018625658,0.85582073,0.85871217,0.85749189,0.86006604,2.9456263,0.73640658
thin_slow,112,0.034079168,0.042600701,0.035989953,0.018398814,0.85470062,0.85739757,0.85566672,0.85852893,2.9362266,0.73405665
thin_slow,112.5,0.033667888,0.042089098,0.035555431,0.018174816,0.8535688,0.85607374,0.85383971,0.85700364,2.926785,0.73169626
thin_slow,113,0.033261614,0.04158362,0.035126205,0.017953624,0.85242548,0.85474087,0.85201095,0.85548992,2.9173031,0.72932577
thin_slow,113.5,0.032860284,0.041084195,0.034702209,0.017735201,0.85127086,0.85339914,0.85018055,0.85398751,2.9077821,0.72694552
thin_slow,114,0.032463835,0.040590751,0.034283376,0.017519509,0.85010514,0.85204874,0.8483486,0.85249612,2.8982235,0.72455588
thin_slow,114.5,0.032072207,0.040103216,0.033869642,0.017306511,0.84892851,0.85068983,0.84651518,0.85101541,2.8886287,0.72215717
thin_slow,115,0.03168534,0.039621521,0.033460944,0.017096169,0.84774118,0.84932258,0.84468041,0.84954723,2.878999,0.71974975
thin_slow,115.5,0.031303173,0.039145596,0.033057217,0.016888449,0.84654332,0.84794718,0.84284435,0.84808996,2.8693358,0.71733394
thin_slow,116,0.03092565,0.038675373,0.032658401,0.016683315,0.84533513,0.84656379,0.84100711,0.84664235,2.8596403,0.71491008
thin_slow,116.5,0.030552711,0.038210784,0.032264433,0.016480732,0.8441168,0.84517258,0.83916876,0.84520718,2.8499139,0.71247847
thin_slow,117,0.0301843,0.037751762,0.031875254,0.016280666,0.8428885,0.84377371,0.83732941,0.84378129,2.8401578,0.71003945
thin_slow,117.5,0.02982036,0.037298241,0.031490803,0.016083083,0.84165043,0.84236734,0.83548912,0.84236734,2.8303733,0.70759332
thin_slow,118,0.029460837,0.036850155,0.031111022,0.015887951,0.84040277,0.84095363,0.83364798,0.84096313,2.8205616,0.70514039
thin_slow,118.5,0.029105675,0.03640744,0.030735853,0.015695237,0.83914568,0.83953275,0.83180607,0.83956926,2.8107238,0.70268096
thin_slow,119,0.028754821,0.035970032,0.030365238,0.015504909,0.83787935,0.83810484,0.82996347,0.83818593,2.8008613,0.70021534
thin_slow,119.5,0.02840822,0.035537868,0.029999121,0.015316934,0.83660395,0.83667005,0.82812026,0.83681296,2.7909752,0.6977438
thin_slow,120,0.028065821,0.035110884,0.029637447,0.015131284,0.83531965,0.83522855,0.82627651,0.83544979,2.7810666,0.69526665
thin_slow,120.5,0.027727572,0.034689021,0.029280159,0.014947925,0.83402663,0.83378048,0.82443231,0.83409691,2.7711367,0.69278417
thin_slow,121,0.027393421,0.034272216,0.028927205,0.01476683,0.83272504,0.83232598,0.82258772,0.83275377,2.7611865,0.69029662
thin_slow,121.5,0.027063318,0.033860409,0.028578529,0.014587968,0.83141505,0.8308652,0.82074281,0.83142065,2.7512172,0.6878043
thin_slow,122,0.026737213,0.033453541,0.02823408,0.014411309,0.83009683,0.82939828,0.81889767,0.83009683,2.7412298,0.68530746
thin_slow,122.5,0.026415056,0.033051553,0.027893805,0.014236826,0.82877055,0.82792537,0.81705235,0.82877055,2.7312255,0.68280638
thin_slow,123,0.026096799,0.032654386,0.027557653,0.014064491,0.82743634,0.82644659,0.81520692,0.82743634,2.7212052,0.68030131
thin_slow,123.5,0.025782395,0.032261984,0.027225572,0.013894274,0.82609439,0.8249621,0.81336146,0.82609439,2.71117,0.67779251
thin_slow,124,0.025471795,0.031874289,0.026897514,0.013726149,0.82474483,0.82347202,0.81151603,0.82474483,2.7011209,0.67528023
thin_slow,124.5,0.025164953,0.031491246,0.026573427,0.013560088,0.82338783,0.82197649,0.80967069,0.82338783,2.6910589,0.67276472
thin_slow,125,0.024861823,0.031112798,0.026253263,0.013396066,0.82202353,0.82047563,0.80782551,0.82202353,2.6809849,0.67024623
thin_slow,125.5,0.02456236,0.030738891,0.025936975,0.013234056,0.82065208,0.81896958,0.80598056,0.82065208,2.6709,0.66772499
thin_slow,126,0.024266517,0.030369471,0.025624514,0.013074032,0.81927364,0.81745847,0.80413589,0.81927364,2.660805,0.66520124
thin_slow,126.5,0.023974252,0.030004484,0.025315833,0.012915969,0.81788835,0.81594242,0.80229156,0.81788835,2.6507009,0.66267522
thin_slow,127,0.02368552,0.029643877,0.025010886,0.012759841,0.81649635,0.81442155,0.80044763,0.81649635,2.6405886,0.66014714
thin_slow,127.5,0.023400278,0.029287597,0.024709628,0.012605624,0.81509778,0.81289599,0.79860417,0.81509778,2.630469,0.65761724
thin_slow,128,0.023118483,0.028935594,0.024412012,0.012453294,0.81369279,0.81136585,0.79676123,0.81369279,2.6203429,0.65508573
thin_slow,128.5,0.022840093,0.028587817,0.024117995,0.012302826,0.81228151,0.80983126,0.79491886,0.81228151,2.6102113,0.65255283
thin_slow,129,0.022565066,0.028244213,0.023827532,0.012154197,0.81086409,0.80829234,0.79307713,0.81086409,2.600075,0.65001876
thin_slow,129.5,0.022293362,0.027904734,0.02354058,0.012007383,0.80944065,0.80674919,0.79123608,0.80944065,2.5899348,0.64748371
thin_slow,130,0.022024939,0.027569331,0.023257095,0.011862362,0.80801132,0.80520194,0.78939577,0.80801132,2.5797916,0.6449479
thin_slow,130.5,0.021759758,0.027237954,0.022977036,0.011719111,0.80657625,0.8036507,0.78755626,0.80657625,2.5696461,0.64241153
thin_slow,131,0.02149778,0.026910556,0.022700361,0.011577608,0.80513556,0.80209557,0.78571759,0.80513556,2.5594992,0.6398748
thin_slow,131.5,0.021238964,0.026587089,0.022427027,0.011437829,0.80368939,0.80053667,0.78387982,0.80368939,2.5493516,0.63733789
thin_slow,132,0.020983273,0.026267505,0.022156995,0.011299755,0.80223784,0.7989741,0.782043,0.80223784,2.539204,0.63480101
thin_slow,132.5,0.020730668,0.025951759,0.021890224,0.011163363,0.80078106,0.79740797,0.78020717,0.80078106,2.5290573,0.63226433
thin_slow,133,0.020481112,0.025639805,0.021626675,0.011028632,0.79931916,0.79583839,0.77837238,0.79931916,2.5189122,0.62972805
thin_slow,133.5,0.020234568,0.025331596,0.021366307,0.010895541,0.79785227,0.79426546,0.77653869,0.79785227,2.5087694,0.62719234
thin_slow,134,0.019990999,0.025027089,0.021109083,0.01076407,0.79638051,0.79268928,0.77470613,0.79638051,2.4986295,0.62465739
thin_slow,134.5,0.019750369,0.024726239,0.020854964,0.010634199,0.794904,0.79110995,0.77287476,0.794904,2.4884934,0.62212335
thin_slow,135,0.019512642,0.024429002,0.020603911,0.010505907,0.79342285,0.78952757,0.77104462,0.79342285,2.4783617,0.61959042
thin_slow,135.5,0.019277783,0.024135335,0.020355889,0.010379174,0.79193717,0.78794224,0.76921575,0.79193717,2.468235,0.61705875
thin_slow,136,0.019045757,0.023845195,0.020110859,0.010253982,0.7904471,0.78635405,0.7673882,0.7904471,2.458114,0.61452851
thin_slow,136.5,0.018816529,0.02355854,0.019868786,0.010130311,0.78895273,0.78476311,0.76556201,0.78895273,2.4479994,0.61199986
thin_slow,137,0.018590066,0.023275329,0.019629633,0.010008143,0.78745417,0.78316949,0.76373723,0.78745417,2.4378918,0.60947296
thin_slow,137.5,0.018366333,0.022995519,0.019393366,0.0098874575,0.78595155,0.78157331,0.76191388,0.78595155,2.4277919,0.60694796
thin_slow,138,0.018145299,0.022719071,0.019159948,0.0097682373,0.78444496,0.77997464,0.76009203,0.78444496,2.4177001,0.60442503
thin_slow,138.5,0.01792693,0.022445943,0.018929346,0.009650464,0.78293451,0.77837358,0.75827169,0.78293451,2.4076172,0.6019043
thin_slow,139,0.017711193,0.022176097,0.018701524,0.0095341196,0.78142032,0.77677021,0.75645292,0.78142032,2.3975437,0.59938593
thin_slow,139.5,0.017498057,0.021909492,0.018476451,0.0094191864,0.77990247,0.77516463,0.75463576,0.77990247,2.3874802,0.59687005
thin_slow,140,0.01728749,0.021646091,0.018254091,0.0093056469,0.77838109,0.77355691,0.75282023,0.77838109,2.3774273,0.59435682
thin_slow,140.5,0.017079462,0.021385854,0.018034412,0.0091934839,0.77685626,0.77194715,0.75100638,0.77685626,2.3673855,0.59184637
thin_slow,141,0.016873941,0.021128743,0.017817381,0.0090826804,0.77532809,0.77033543,0.74919424,0.77532809,2.3573553,0.58933883
thin_slow,141.5,0.016670896,0.020874722,0.017602967,0.0089732196,0.77379667,0.76872183,0.74738386,0.77379667,2.3473373,0.58683434
thin_slow,142,0.016470299,0.020623753,0.017391138,0.0088650849,0.77226211,0.76710643,0.74557526,0.77226211,2.3373321,0.58433302
thin_slow,142.5,0.016272119,0.020375799,0.017181862,0.00875826,0.7707245,0.76548931,0.74376848,0.7707245,2.3273401,0.58183502
thin_slow,143,0.016076327,0.020130825,0.016975108,0.0086527287,0.76918394,0.76387056,0.74196356,0.76918394,2.3173618,0.57934044
thin_slow,143.5,0.015882894,0.019888795,0.016770846,0.0085484751,0.76764051,0.76225024,0.74016052,0.76764051,2.3073977,0.57684942
thin_slow,144,0.015691791,0.019649672,0.016569046,0.0084454835,0.76609432,0.76062844,0.73835941,0.76609432,2.2974483,0.57436208
thin_slow,144.5,0.015502991,0.019413424,0.016369677,0.0083437383,0.76454545,0.75900524,0.73656025,0.76454545,2.2875141,0.57187852
thin_slow,145,0.015316466,0.019180014,0.016172711,0.0082432243,0.76299399,0.75738069,0.73476307,0.76299399,2.2775955,0.56939888
thin_slow,145.5,0.015132187,0.018949409,0.015978118,0.0081439263,0.76144004,0.75575489,0.73296791,0.76144004,2.267693,0.56692326
thin_slow,146,0.014950128,0.018721575,0.01578587,0.0080458294,0.75988367,0.75412791,0.7311748,0.75988367,2.2578071,0.56445176
thin_slow,146.5,0.014770262,0.01849648,0.015595938,0.0079489189,0.75832498,0.7524998,0.72938377,0.75832498,2.247938,0.56198451
thin_slow,147,0.014592562,0.018274089,0.015408293,0.0078531802,0.75676405,0.75087065,0.72759484,0.75676405,2.2380864,0.55952161
thin_slow,147.5,0.014417003,0.018054372,0.01522291,0.007758599,0.75520096,0.74924053,0.72580805,0.75520096,2.2282526,0.55706315
thin_slow,148,0.014243558,0.017837295,0.015039759,0.007665161,0.75363581,0.7476095,0.72402342,0.75363581,2.218437,0.55460924
thin_slow,148.5,0.014072201,0.017622827,0.014858814,0.0075728523,0.75206866,0.74597763,0.72224098,0.75206866,2.20864,0.55215999
thin_slow,149,0.013902909,0.017410936,0.014680049,0.0074816592,0.7504996,0.74434499,0.72046077,0.7504996,2.1988619,0.54971548
thin_slow,149.5,0.013735654,0.017201592,0.014503437,0.0073915678,0.74892871,0.74271164,0.7186828,0.74892871,2.1891033,0.54727581
thin_slow,150,0.013570414,0.016994765,0.014328952,0.0073025648,0.74735607,0.74107765,0.7169071,0.74735607,2.1793643,0.54484108
thin_slow,150.5,0.013407164,0.016790423,0.014156568,0.007214637,0.74578176,0.73944308,0.71513371,0.74578176,2.1696455,0.54241138
thin_slow,151,0.013245879,0.016588537,0.01398626,0.007127771,0.74420585,0.737808,0.71336264,0.74420585,2.1599472,0.53998679
thin_slow,151.5,0.013086536,0.016389078,0.013818003,0.0070419541,0.74262841,0.73617246,0.71159392,0.74262841,2.1502696,0.5375674
thin_slow,152,0.012929111,0.016192017,0.013651772,0.0069571734,0.74104953,0.73453652,0.70982757,0.74104953,2.1406132,0.5351533
thin_slow,152.5,0.012773581,0.015997324,0.013487542,0.0068734162,0.73946927,0.73290026,0.70806362,0.73946927,2.1309783,0.53274457
thin_slow,153,0.012619924,0.015804971,0.01332529,0.0067906702,0.73788771,0.73126372,0.7063021,0.73788771,2.1213651,0.53034129
thin_slow,153.5,0.012468117,0.015614931,0.013164992,0.0067089228,0.73630492,0.72962697,0.70454302,0.73630492,2.1117741,0.52794353
thin_slow,154,0.012318137,0.015427175,0.013006623,0.0066281622,0.73472096,0.72799006,0.70278641,0.73472096,2.1022055,0.52555138
thin_slow,154.5,0.012169963,0.015241676,0.012850161,0.006548376,0.73313592,0.72635305,0.70103229,0.73313592,2.0926597,0.52316491
thin_slow,155,0.012023572,0.015058406,0.012695583,0.0064695527,0.73154985,0.724716,0.69928069,0.73154985,2.0831368,0.5207842
thin_slow,155.5,0.011878943,0.01487734,0.012542865,0.0063916803,0.72996282,0.72307895,0.69753162,0.72996282,2.0736373,0.51840931
thin_slow,156,0.011736056,0.01469845,0.012391986,0.0063147474,0.72837491,0.72144197,0.6957851,0.72837491,2.0641613,0.51604032
thin_slow,156.5,0.011594888,0.014521711,0.012242923,0.0062387426,0.72678617,0.71980511,0.69404116,0.72678617,2.0547092,0.51367729
thin_slow,157,0.011455419,0.014347097,0.012095655,0.0061636545,0.72519667,0.71816842,0.69229982,0.72519667,2.0452812,0.5113203
thin_slow,157.5,0.011317628,0.014174581,0.011950159,0.006089472,0.72360647,0.71653195,0.69056109,0.72360647,2.0358776,0.50896939
thin_slow,158,0.011181496,0.01400414,0.011806414,0.0060161841,0.72201564,0.71489575,0.688825,0.72201564,2.0264986,0.50662465
thin_slow,158.5,0.011047003,0.013835747,0.0116644,0.00594378,0.72042423,0.71325988,0.68709157,0.72042423,2.0171445,0.50428612
thin_slow,159,0.010914128,0.013669379,0.011524095,0.0058722489,0.71883232,0.71162439,0.68536081,0.71883232,2.0078155,0.50195387
thin_slow,159.5,0.010782852,0.013505011,0.011385478,0.0058015802,0.71723995,0.70998931,0.68363274,0.71723995,1.9985119,0.49962796
thin_slow,160,0.010653155,0.013342619,0.01124853,0.0057317635,0.7156472,0.7083547,0.68190738,0.7156472,1.9892338,0.49730845
thin_slow,160.5,0.01052502,0.01318218,0.01111323,0.0056627884,0.71405411,0.70672062,0.68018475,0.71405411,1.9799815,0.49499538
thin_slow,161,0.010398427,0.013023669,0.010979558,0.0055946448,0.71246074,0.70508709,0.67846487,0.71246074,1.9707553,0.49268881
thin_slow,161.5,0.010273356,0.012867064,0.010847495,0.0055273225,0.71086716,0.70345418,0.67674775,0.71086716,1.9615552,0.4903888
thin_slow,162,0.010149791,0.012712341,0.010717021,0.0054608116,0.70927341,0.70182193,0.67503341,0.70927341,1.9523816,0.4880954
thin_slow,162.5,0.010027713,0.012559479,0.010588117,0.0053951023,0.70767955,0.70019037,0.67332186,0.70767955,1.9432346,0.48580865
thin_slow,163,0.0099071037,0.012408454,0.010460765,0.0053301848,0.70608564,0.69855956,0.67161312,0.70608564,1.9341144,0.4835286
thin_slow,163.5,0.0097879456,0.012259246,0.010334945,0.0052660495,0.70449174,0.69692953,0.66990721,0.70449174,1.9250212,0.4812553
thin_slow,164,0.0096702213,0.012111831,0.010210639,0.0052026871,0.70289788,0.69530034,0.66820415,0.70289788,1.9159552,0.47898879
thin_slow,164.5,0.0095539134,0.011966188,0.010087829,0.005140088,0.70130413,0.69367201,0.66650394,0.70130413,1.9069165,0.47672912
thin_slow,165,0.009439005,0.011822297,0.0099664964,0.0050782432,0.69971053,0.6920446,0.6648066,0.69971053,1.8979053,0.47447633
thin_slow,165.5,0.0093254791,0.011680136,0.0098466239,0.0050171434,0.69811714,0.69041815,0.66311215,0.69811714,1.8889218,0.47223045
thin_slow,166,0.0092133191,0.011539683,0.0097281937,0.0049567797,0.696524,0.68879269,0.66142059,0.696524,1.8799662,0.46999154
thin_slow,166.5,0.0091025085,0.01140092,0.0096111886,0.0048971431,0.69493117,0.68716826,0.65973195,0.69493117,1.8710385,0.46775963
thin_slow,167,0.0089930312,0.011263825,0.0094955912,0.0048382249,0.6933387,0.6855449,0.65804624,0.6933387,1.862139,0.46553475
thin_slow,167.5,0.0088848709,0.011128378,0.0093813846,0.0047800163,0.69174662,0.68392265,0.65636347,0.69174662,1.8532678,0.46331694
thin_slow,168,0.008778012,0.01099456,0.0092685522,0.0047225088,0.69015499,0.68230155,0.65468365,0.69015499,1.8444249,0.46110624
thin_slow,168.5,0.0086724386,0.01086235,0.0091570773,0.0046656938,0.68856385,0.68068164,0.65300679,0.68856385,1.8356107,0.45890267
thin_slow,169,0.0085681353,0.010731731,0.0090469436,0.0046095632,0.68697326,0.67906295,0.65133292,0.68697326,1.8268251,0.45670628
thin_slow,169.5,0.0084650868,0.010602682,0.0089381349,0.0045541084,0.68538325,0.67744551,0.64966203,0.68538325,1.8180684,0.45451709
thin_slow,170,0.0083632781,0.010475184,0.0088306352,0.0044993215,0.68379386,0.67582936,0.64799414,0.68379386,1.8093405,0.45233513
thin_slow,170.5,0.0082626941,0.01034922,0.0087244289,0.0044451943,0.68220515,0.67421455,0.64632927,0.68220515,1.8006417,0.45016044
thin_slow,171,0.0081633202,0.01022477,0.0086195003,0.0043917188,0.68061715,0.67260109,0.64466742,0.68061715,1.7919721,0.44799303
thin_slow,171.5,0.0080651417,0.010101816,0.008515834,0.0043388872,0.67902991,0.67098903,0.6430086,0.67902991,1.7833318,0.44583294
thin_slow,172,0.0079681442,0.0099803408,0.0084134149,0.0042866917,0.67744346,0.66937839,0.64135283,0.67744346,1.7747208,0.44368019
thin_slow,172.5,0.0078723136,0.0098603261,0.0083122279,0.0042351247,0.67585785,0.66776922,0.63970011,0.67585785,1.7661392,0.44153481
thin_slow,173,0.0077776358,0.0097417546,0.0082122581,0.0041841785,0.67427313,0.66616154,0.63805046,0.67427313,1.7575873,0.43939681
thin_slow,173.5,0.0076840969,0.0096246087,0.008113491,0.0041338456,0.67268932,0.66455538,0.63640388,0.67268932,1.7490649,0.43726623
thin_slow,174,0.0075916833,0.0095088714,0.0080159121,0.0040841186,0.67110646,0.66295077,0.63476039,0.67110646,1.7405724,0.43514309
thin_slow,174.5,0.0075003812,0.0093945257,0.007919507,0.0040349903,0.66952461,0.66134775,0.63311999,0.66952461,1.7321096,0.4330274
thin_slow,175,0.0074101775,0.009281555,0.0078242616,0.0039864534,0.66794379,0.65974635,0.63148269,0.66794379,1.7236767,0.43091918
thin_slow,175.5,0.0073210588,0.0091699426,0.0077301619,0.0039385007,0.66636403,0.65814658,0.62984851,0.66636403,1.7152738,0.42881845
thin_slow,176,0.0072330121,0.0090596723,0.0076371942,0.0038911252,0.66478539,0.6565485,0.62821745,0.66478539,1.7069009,0.42672524
thin_slow,176.5,0.0071460245,0.0089507279,0.0075453448,0.00384432,0.66320789,0.65495211,0.62658951,0.66320789,1.6985582,0.42463955
thin_slow,177,0.0070600833,0.0088430935,0.0074546003,0.0037980781,0.66163157,0.65335746,0.62496471,0.66163157,1.6902456,0.42256141
thin_slow,177.5,0.0069751758,0.0087367533,0.0073649473,0.0037523929,0.66005646,0.65176456,0.62334306,0.66005646,1.6819633,0.42049082
thin_slow,178,0.0068912896,0.0086316918,0.0072763728,0.0037072574,0.6584826,0.65017344,0.62172456,0.6584826,1.6737112,0.41842781
thin_slow,178.5,0.0068084124,0.0085278935,0.0071888637,0.0036626652,0.65691003,0.64858414,0.62010922,0.65691003,1.6654895,0.41637238
thin_slow,179,0.0067265321,0.0084253434,0.0071024072,0.0036186097,0.65533876,0.64699667,0.61849704,0.65533876,1.6572982,0.41432455
thin_slow,179.5,0.0066456367,0.0083240265,0.0070169906,0.0035750844,0.65376885,0.64541107,0.61688804,0.65376885,1.6491373,0.41228433
thin_slow,180,0.0065657143,0.0082239278,0.0069326016,0.0035320828,0.65220032,0.64382735,0.61528222,0.65220032,1.6410069,0.41025173
thin_slow,180.5,0.0064867532,0.0081250327,0.0068492275,0.0034895988,0.6506332,0.64224555,0.61367959,0.6506332,1.6329071,0.40822677
thin_slow,181,0.0064087418,0.0080273268,0.0067668563,0.0034476261,0.64906753,0.64066569,0.61208015,0.64906753,1.6248378,0.40620944
thin_slow,181.5,0.0063316688,0.0079307958,0.0066854759,0.0034061584,0.64750332,0.63908778,0.61048391,0.64750332,1.6167991,0.40419976
thin_slow,182,0.0062555228,0.0078354255,0.0066050744,0.0033651897,0.64594063,0.63751186,0.60889088,0.64594063,1.608791,0.40219774
thin_slow,182.5,0.0061802926,0.0077412021,0.0065256399,0.003324714,0.64437947,0.63593795,0.60730106,0.64437947,1.6008135,0.40020339
thin_slow,183,0.0061059673,0.0076481116,0.0064471609,0.0032847254,0.64281987,0.63436607,0.60571446,0.64281987,1.5928668,0.3982167
thin_slow,183.5,0.006032536,0.0075561405,0.0063696258,0.0032452179,0.64126186,0.63279625,0.60413107,0.64126186,1.5849508,0.39623769
thin_slow,184,0.0059599878,0.0074652754,0.0062930233,0.0032061859,0.63970547,0.6312285,0.60255092,0.63970547,1.5770654,0.39426636
thin_slow,184.5,0.0058883123,0.0073755029,0.0062173421,0.0031676234,0.63815074,0.62966284,0.600974,0.63815074,1.5692109,0.39230271
thin_slow,185,0.0058174988,0.0072868099,0.0061425713,0.003129525,0.63659768,0.62809931,0.59940032,0.63659768,1.561387,0.39034676
thin_slow,185.5,0.005747537,0.0071991834,0.0060686997,0.003091885,0.63504632,0.62653791,0.59782988,0.63504632,1.553594,0.38839849
thin_slow,186,0.0056784167,0.0071126105,0.0059957166,0.0030546978,0.63349669,0.62497867,0.59626269,0.63349669,1.5458317,0.38645792
thin_slow,186.5,0.0056101277,0.0070270788,0.0059236114,0.0030179581,0.63194882,0.62342161,0.59469875,0.63194882,1.5381002,0.38452504
thin_slow,187,0.00554266,0.0069425755,0.0058523734,0.0029816604,0.63040272,0.62186675,0.59313807,0.63040272,1.5303994,0.38259986
thin_slow,187.5,0.0054760038,0.0068590884,0.0057819922,0.0029457994,0.62885844,0.62031411,0.59158065,0.62885844,1.5227295,0.38068238
thin_slow,188,0.0054101493,0.0067766052,0.0057124575,0.0029103699,0.62731598,0.61876371,0.59002649,0.62731598,1.5150904,0.37877259
thin_slow,188.5,0.0053450868,0.0066951138,0.0056437591,0.0028753666,0.62577538,0.61721556,0.58847559,0.62577538,1.507482,0.37687049
thin_slow,189,0.0052808068,0.0066146024,0.005575887,0.0028407844,0.62423666,0.61566968,0.58692797,0.62423666,1.4999044,0.3749761
thin_slow,189.5,0.0052172999,0.0065350591,0.0055088312,0.0028066183,0.62269984,0.6141261,0.58538362,0.62269984,1.4923576,0.37308939
thin_slow,190,0.0051545568,0.0064564724,0.0054425818,0.0027728632,0.62116494,0.61258483,0.58384255,0.62116494,1.4848415,0.37121037
thin_slow,190.5,0.0050925684,0.0063788306,0.0053771293,0.0027395142,0.619632,0.61104588,0.58230476,0.619632,1.4773562,0.36933904
thin_slow,191,0.0050313254,0.0063021225,0.005312464,0.0027065664,0.61810102,0.60950928,0.58077025,0.61810102,1.4699016,0.36747539
thin_slow,191.5,0.004970819,0.0062263368,0.0052485764,0.002674015,0.61657204,0.60797504,0.57923902,0.61657204,1.4624777,0.36561943
thin_slow,192,0.0049110403,0.0061514624,0.0051854571,0.0026418551,0.61504507,0.60644317,0.57771109,0.61504507,1.4550845,0.36377113
thin_slow,192.5,0.0048519806,0.0060774884,0.005123097,0.0026100821,0.61352013,0.6049137,0.57618645,0.61352013,1.447722,0.3619305
thin_slow,193,0.0047936311,0.006004404,0.0050614869,0.0025786914,0.61199725,0.60338663,0.5746651,0.61199725,1.4403902,0.36009754
thin_slow,193.5,0.0047359834,0.0059321984,0.0050006178,0.0025476783,0.61047645,0.60186199,0.57314704,0.61047645,1.4330889,0.35827224
thin_slow,194,0.004679029,0.005860861,0.0049404808,0.0025170382,0.60895774,0.60033979,0.57163228,0.60895774,1.4258183,0.35645458
thin_slow,194.5,0.0046227596,0.0057903816,0.004881067,0.0024867667,0.60744115,0.59882004,0.57012082,0.60744115,1.4185783,0.35464457
thin_slow,195,0.0045671669,0.0057207496,0.0048223677,0.0024568594,0.60592669,0.59730276,0.56861266,0.60592669,1.4113688,0.35284219
thin_slow,195.5,0.0045122428,0.005651955,0.0047643744,0.0024273118,0.60441439,0.59578796,0.5671078,0.60441439,1.4041898,0.35104745
thin_slow,196,0.0044579793,0.0055839876,0.0047070786,0.0023981196,0.60290425,0.59427565,0.56560625,0.60290425,1.3970413,0.34926032
thin_slow,196.5,0.0044043683,0.0055168376,0.0046504719,0.0023692786,0.60139631,0.59276586,0.564108,0.60139631,1.3899232,0.3474808
thin_slow,197,0.0043514021,0.005450495,0.0045945459,0.0023407845,0.59989058,0.59125858,0.56261306,0.59989058,1.3828355,0.34570888
thin_slow,197.5,0.0042990729,0.0053849503,0.0045392926,0.0023126332,0.59838707,0.58975385,0.56112142,0.59838707,1.3757782,0.34394456
thin_slow,198,0.0042473731,0.0053201937,0.0044847037,0.0022848205,0.59688581,0.58825166,0.5596331,0.59688581,1.3687513,0.34218781
thin_slow,198.5,0.004196295,0.0052562159,0.0044307714,0.0022573423,0.5953868,0.58675203,0.55814808,0.5953868,1.3617546,0.34043864
thin_slow,199,0.0041458312,0.0051930073,0.0043774876,0.0022301946,0.59389007,0.58525497,0.55666637,0.59389007,1.3547881,0.33869703
thin_slow,199.5,0.0040959742,0.0051305589,0.0043248447,0.0022033735,0.59239564,0.5837605,0.55518797,0.59239564,1.3478519,0.33696297
thin_slow,200,0.0040467169,0.0050688615,0.0042728349,0.002176875,0.59090351,0.58226862,0.55371288,0.59090351,1.3409458,0.33523644
thin_slow,200.5,0.003998052,0.0050079059,0.0042214506,0.0021506953,0.58941371,0.58077936,0.5522411,0.58941371,1.3340698,0.33351744
thin_slow,201,0.0039499723,0.0049476834,0.0041706843,0.0021248304,0.58792625,0.57929271,0.55077264,0.58792625,1.3272238,0.33180595
thin_slow,201.5,0.0039024708,0.0048881851,0.0041205285,0.0020992766,0.58644114,0.57780869,0.54930748,0.58644114,1.3204079,0.33010197
thin_slow,202,0.0038555406,0.0048294023,0.0040709759,0.0020740302,0.5849584,0.57632731,0.54784563,0.5849584,1.3136219,0.32840547
thin_slow,202.5,0.0038091748,0.0047713263,0.0040220192,0.0020490875,0.58347804,0.57484858,0.5463871,0.58347804,1.3068658,0.32671644
thin_slow,203,0.0037633666,0.0047139487,0.0039736513,0.0020244447,0.58200009,0.57337251,0.54493188,0.58200009,1.3001395,0.32503488
thin_slow,203.5,0.0037181093,0.0046572611,0.0039258651,0.0020000984,0.58052454,0.57189912,0.54347997,0.58052454,1.293443,0.32336076
thin_slow,204,0.0036733963,0.0046012552,0.0038786535,0.0019760448,0.57905142,0.5704284,0.54203136,0.57905142,1.2867763,0.32169407
thin_slow,204.5,0.003629221,0.0045459228,0.0038320098,0.0019522806,0.57758074,0.56896037,0.54058607,0.57758074,1.2801392,0.3200348
thin_slow,205,0.003585577,0.0044912558,0.003785927,0.0019288022,0.57611251,0.56749504,0.53914409,0.57611251,1.2735317,0.31838293
thin_slow,205.5,0.0035424578,0.0044372461,0.0037403984,0.0019056062,0.57464674,0.56603243,0.53770541,0.57464674,1.2669538,0.31673845
thin_slow,206,0.0034998572,0.004383886,0.0036954173,0.0018826892,0.57318345,0.56457252,0.53627004,0.57318345,1.2604054,0.31510135
thin_slow,206.5,0.0034577689,0.0043311675,0.0036509772,0.0018600478,0.57172265,0.56311535,0.53483798,0.57172265,1.2538864,0.31347159
thin_slow,207,0.0034161867,0.004279083,0.0036070715,0.0018376788,0.57026435,0.5616609,0.53340922,0.57026435,1.2473967,0.31184918
thin_slow,207.5,0.0033751047,0.0042276248,0.0035636938,0.0018155788,0.56880856,0.5602092,0.53198376,0.56880856,1.2409364,0.31023409
thin_slow,208,0.0033345166,0.0041767854,0.0035208378,0.0017937445,0.5673553,0.55876025,0.53056161,0.5673553,1.2345052,0.30862631
thin_slow,208.5,0.0032944167,0.0041265574,0.0034784972,0.0017721729,0.56590457,0.55731405,0.52914276,0.56590457,1.2281033,0.30702582
thin_slow,209,0.0032547991,0.0040769334,0.0034366658,0.0017508607,0.56445639,0.55587062,0.52772721,0.56445639,1.2217304,0.3054326
thin_slow,209.5,0.0032156578,0.0040279061,0.0033953375,0.0017298049,0.56301076,0.55442997,0.52631496,0.56301076,1.2153866,0.30384664
thin_slow,210,0.0031769873,0.0039794685,0.0033545061,0.0017090023,0.5615677,0.55299209,0.524906,0.5615677,1.2090717,0.30226792
thin_slow,210.5,0.0031387819,0.0039316133,0.0033141658,0.0016884499,0.56012722,0.551557,0.52350034,0.56012722,1.2027857,0.30069642
thin_slow,211,0.0031010359,0.0038843335,0.0032743107,0.0016681446,0.55868932,0.5501247,0.52209798,0.55868932,1.1965285,0.29913212
thin_slow,211.5,0.0030637438,0.0038376224,0.0032349348,0.0016480836,0.55725402,0.5486952,0.5206989,0.55725402,1.1903,0.29757501
thin_slow,212,0.0030269002,0.0037914729,0.0031960325,0.0016282638,0.55582133,0.5472685,0.51930311,0.55582133,1.1841002,0.29602506
thin_slow,212.5,0.0029904997,0.0037458785,0.003157598,0.0016086825,0.55439126,0.54584462,0.51791062,0.55439126,1.177929,0.29448226
thin_slow,213,0.0029545369,0.0037008323,0.0031196257,0.0015893366,0.55296381,0.54442356,0.5165214,0.55296381,1.1717863,0.29294659
thin_slow,213.5,0.0029190066,0.0036563278,0.0030821101,0.0015702234,0.55153899,0.54300532,0.51513547,0.55153899,1.1656721,0.29141803
thin_slow,214,0.0028839036,0.0036123585,0.0030450456,0.00155134,0.55011681,0.54158991,0.51375283,0.55011681,1.1595862,0.28989656
thin_slow,214.5,0.0028492228,0.0035689179,0.0030084269,0.0015326838,0.54869729,0.54017733,0.51237346,0.54869729,1.1535286,0.28838216
thin_slow,215,0.002814959,0.0035259998,0.0029722485,0.0015142519,0.54728042,0.53876759,0.51099736,0.54728042,1.1474992,0.28687481
thin_slow,215.5,0.0027811073,0.0034835977,0.0029365053,0.0014960417,0.54586622,0.5373607,0.50962454,0.54586622,1.141498,0.2853745
thin_slow,216,0.0027476626,0.0034417056,0.0029011918,0.0014780505,0.5444547,0.53595666,0.50825499,0.5444547,1.1355248,0.2838812
thin_slow,216.5,0.0027146202,0.0034003172,0.0028663031,0.0014602757,0.54304585,0.53455547,0.50688871,0.54304585,1.1295795,0.28239489
thin_slow,217,0.0026819751,0.0033594266,0.0028318339,0.0014427147,0.5416397,0.53315715,0.5055257,0.5416397,1.1236622,0.28091555
thin_slow,217.5,0.0026497226,0.0033190276,0.0027977792,0.0014253648,0.54023624,0.53176168,0.50416595,0.54023624,1.1177727,0.27944316
thin_slow,218,0.002617858,0.0032791145,0.0027641341,0.0014082236,0.53883549,0.53036908,0.50280946,0.53883549,1.1119108,0.27797771
thin_slow,218.5,0.0025863766,0.0032396814,0.0027308936,0.0013912886,0.53743744,0.52897936,0.50145623,0.53743744,1.1060767,0.27651917
thin_slow,219,0.0025552737,0.0032007225,0.0026980528,0.0013745572,0.53604212,0.52759251,0.50010625,0.53604212,1.1002701,0.27506752
thin_slow,219.5,0.0025245449,0.003162232,0.002665607,0.001358027,0.53464951,0.52620854,0.49875952,0.53464951,1.0944909,0.27362273
thin_slow,220,0.0024941857,0.0031242045,0.0026335513,0.0013416957,0.53325964,0.52482745,0.49741604,0.53325964,1.0887392,0.2721848
thin_slow,220.5,0.0024641915,0.0030866342,0.0026018812,0.0013255607,0.5318725,0.52344925,0.49607581,0.5318725,1.0830148,0.27075369
thin_slow,221,0.002434558,0.0030495157,0.0025705919,0.0013096198,0.5304881,0.52207395,0.49473882,0.5304881,1.0773175,0.26932939
thin_slow,221.5,0.0024052809,0.0030128436,0.0025396789,0.0012938706,0.52910645,0.52070153,0.49340507,0.52910645,1.0716475,0.26791187
thin_slow,222,0.0023763559,0.0029766125,0.0025091376,0.0012783108,0.52772756,0.51933201,0.49207455,0.52772756,1.0660044,0.26650111
thin_slow,222.5,0.0023477787,0.0029408171,0.0024789636,0.0012629381,0.52635142,0.51796539,0.49074726,0.52635142,1.0603884,0.2650971
thin_slow,223,0.0023195452,0.0029054522,0.0024491525,0.0012477504,0.52497804,0.51660167,0.48942321,0.52497804,1.0547992,0.2636998
thin_slow,223.5,0.0022916513,0.0028705125,0.0024196999,0.0012327452,0.52360743,0.51524086,0.48810238,0.52360743,1.0492368,0.2623092
thin_slow,224,0.0022640927,0.002835993,0.0023906015,0.0012179205,0.5222396,0.51388295,0.48678477,0.5222396,1.0437011,0.26092528
thin_slow,224.5,0.0022368656,0.0028018886,0.002361853,0.0012032741,0.52087454,0.51252795,0.48547037,0.52087454,1.0381921,0.25954801
thin_slow,225,0.0022099659,0.0027681944,0.0023334502,0.0011888039,0.51951226,0.51117586,0.4841592,0.51951226,1.0327095,0.25817738
thin_slow,225.5,0.0021833897,0.0027349053,0.002305389,0.0011745076,0.51815277,0.50982669,0.48285123,0.51815277,1.0272534,0.25681335
thin_slow,226,0.0021571331,0.0027020165,0.0022776653,0.0011603833,0.51679607,0.50848044,0.48154647,0.51679607,1.0218236,0.25545591
thin_slow,226.5,0.0021311922,0.0026695233,0.0022502749,0.0011464289,0.51544217,0.5071371,0.48024491,0.51544217,1.0164201,0.25410503
thin_slow,227,0.0021055633,0.0026374208,0.002223214,0.0011326422,0.51409106,0.50579668,0.47894655,0.51409106,1.0110428,0.2527607
thin_slow,227.5,0.0020802426,0.0026057043,0.0021964785,0.0011190214,0.51274276,0.50445918,0.47765139,0.51274276,1.0056915,0.25142288
thin_slow,228,0.0020552264,0.0025743693,0.0021700645,0.0011055644,0.51139726,0.5031246,0.47635942,0.51139726,1.0003663,0.25009156
thin_slow,228.5,0.0020305111,0.0025434111,0.0021439681,0.0010922692,0.51005457,0.50179295,0.47507063,0.51005457,0.99506688,0.24876672
thin_slow,229,0.0020060929,0.0025128251,0.0021181856,0.0010791339,0.5087147,0.50046422,0.47378503,0.5087147,0.98979331,0.24744833
thin_slow,229.5,0.0019819685,0.002482607,0.0020927131,0.0010661565,0.50737764,0.49913842,0.4725026,0.50737764,0.98454545,0.24613636
thin_slow,230,0.0019581341,0.0024527523,0.0020675469,0.0010533352,0.50604339,0.49781554,0.47122335,0.50604339,0.97932322,0.2448308
thin_slow,230.5,0.0019345863,0.0024232565,0.0020426834,0.0010406682,0.50471197,0.4964956,0.46994728,0.50471197,0.97412651,0.24353163
thin_slow,231,0.0019113218,0.0023941155,0.0020181189,0.0010281534,0.50338338,0.49517858,0.46867436,0.50338338,0.96895525,0.24223881
thin_slow,231.5,0.001888337,0.002365325,0.0019938498,0.0010157892,0.50205761,0.49386449,0.46740461,0.50205761,0.96380934,0.24095233
thin_slow,232,0.0018656286,0.0023368806,0.0019698725,0.0010035736,0.50073467,0.49255333,0.46613802,0.50073467,0.95868867,0.23967217
thin_slow,232.5,0.0018431932,0.0023087783,0.0019461836,0.00099150494,0.49941456,0.4912451,0.46487458,0.49941456,0.95359317,0.23839829
thin_slow,233,0.0018210277,0.0022810139,0.0019227796,0.00097958142,0.49809728,0.4899398,0.46361429,0.49809728,0.94852275,0.23713069
thin_slow,233.5,0.0017991288,0.0022535835,0.001899657,0.0009678013,0.49678285,0.48863744,0.46235714,0.49678285,0.94347729,0.23586932
thin_slow,234,0.0017774932,0.0022264829,0.0018768125,0.00095616284,0.49547125,0.487338,0.46110314,0.49547125,0.93845672,0.23461418
thin_slow,234.5,0.0017561178,0.0021997082,0.0018542426,0.00094466434,0.49416249,0.4860415,0.45985226,0.49416249,0.93346094,0.23336524
thin_slow,235,0.0017349994,0.0021732554,0.0018319443,0.00093330413,0.49285657,0.48474793,0.45860452,0.49285657,0.92848986,0.23212247
thin_slow,235.5,0.001714135,0.0021471208,0.001809914,0.00092208053,0.49155349,0.48345728,0.45735991,0.49155349,0.92354338,0.23088585
thin_slow,236,0.0016935215,0.0021213005,0.0017881487,0.0009109919,0.49025326,0.48216957,0.45611842,0.49025326,0.91862142,0.22965535
thin_slow,236.5,0.0016731559,0.0020957906,0.0017666452,0.00090003662,0.48895587,0.48088479,0.45488004,0.48895587,0.91372387,0.22843097
thin_slow,237,0.0016530352,0.0020705876,0.0017454002,0.0008892131,0.48766133,0.47960294,0.45364478,0.48766133,0.90885064,0.22721266
thin_slow,237.5,0.0016331564,0.0020456876,0.0017244107,0.00087851973,0.48636964,0.47832402,0.45241262,0.48636964,0.90400164,0.22600041
thin_slow,238,0.0016135168,0.002021087,0.0017036736,0.00086795496,0.4850808,0.47704803,0.45118357,0.4850808,0.89917678,0.22479419
thin_slow,238.5,0.0015941133,0.0019967823,0.001683186,0.00085751724,0.48379481,0.47577497,0.44995761,0.48379481,0.89437596,0.22359399
thin_slow,239,0.0015749431,0.0019727699,0.0016629446,0.00084720504,0.48251167,0.47450483,0.44873475,0.48251167,0.88959908,0.22239977
thin_slow,239.5,0.0015560035,0.0019490462,0.0016429467,0.00083701685,0.48123138,0.47323762,0.44751497,0.48123138,0.88484606,0.22121152
thin_slow,240,0.0015372916,0.0019256078,0.0016231893,0.00082695119,0.47995395,0.47197334,0.44629828,0.47995395,0.8801168,0.2200292
thick_slow,0,1,1,1,1,0,0,0,0,0,0
thick_slow,0.5,0.98905623,0.99909659,0.99381615,0.96004422,4.3919041e-08,3.2606454e-07,1.3831771e-06,1.3831771e-06,4.9282653e-09,1.2320663e-09
thick_slow,1,0.97836455,0.99388673,0.98350765,0.94281649,2.3216231e-07,4.9272073e-07,1.0835999e-06,1.0835999e-06,4.4809417e-09,1.1202354e-09
thick_slow,1.5,0.96784091,0.98581922,0.97313479,0.92931896,3.9327693e-07,5.7320701e-07,9.8870617e-07,9.8870617e-07,4.8192942e-09,1.2048235e-09
thick_slow,2,0.95745889,0.97662144,0.96286718,0.91733309,5.0038965e-07,6.305194e-07,9.7501944e-07,9.7501944e-07,5.3979427e-09,1.3494857e-09
thick_slow,2.5,0.94720711,0.96703234,0.95271505,0.90603775,5.7292666e-07,6.7651371e-07,1.0030058e-06,1.0030058e-06,6.0193415e-09,1.5048354e-09
thick_slow,3,0.93708006,0.95735071,0.94268153,0.8950991,6.258306e-07,7.1633081e-07,1.0581593e-06,1.0581593e-06,6.6384547e-09,1.6596137e-09
thick_slow,3.5,0.92707469,0.94769901,0.93276753,0.88437762,6.678506e-07,7.5323709e-07,1.138374e-06,1.138374e-06,7.261919e-09,1.8154798e-09
thick_slow,4,0.91718896,0.9381281,0.92297284,0.87381346,7.0412166e-07,7.8982443e-07,1.2487195e-06,1.2487195e-06,7.9162567e-09,1.9790642e-09
thick_slow,4.5,0.90742127,0.9286591,0.91329666,0.8633801,7.3797781e-07,8.2855338e-07,1.3997548e-06,1.3997548e-06,8.640452e-09,2.160113e-09
thick_slow,5,0.89777024,0.91930056,0.90373798,0.85306517,7.719671e-07,8.7209141e-07,1.6077572e-06,1.6077572e-06,9.4867774e-09,2.3716943e-09
thick_slow,5.5,0.88823458,0.91005562,0.89429568,0.84286248,8.0841742e-07,9.2358817e-07,1.8962109e-06,1.8962109e-06,1.0525404e-08,2.631351e-09
thick_slow,6,0.87881304,0.90092501,0.88496859,0.83276856,8.4978683e-07,9.8695321e-07,2.2984616e-06,2.2984616e-06,1.1852108e-08,2.9630271e-09
thick_slow,6.5,0.86950442,0.89190842,0.87575554,0.82278119,8.9892508e-07,1.0671768e-06,2.861796e-06,2.861796e-06,1.3599899e-08,3.3999747e-09
thick_slow,7,0.86030752,0.88300504,0.86665535,0.8128987,9.5931518e-07,1.170728e-06,3.653538e-06,3.653538e-06,1.5956497e-08,3.9891242e-09
thick_slow,7.5,0.85122118,0.87421385,0.85766687,0.80311972,1.0353359e-06,1.3060673e-06,4.7701546e-06,4.7701546e-06,1.9191046e-08,4.7977616e-09
thick_slow,8,0.84224424,0.86553375,0.84878893,0.79344302,1.1325753e-06,1.4843204e-06,6.3509914e-06,6.3509914e-06,2.3695783e-08,5.9239457e-09
thick_slow,8.5,0.83337555,0.85696358,0.84002039,0.78386743,1.2582247e-06,1.7201744e-06,8.5992353e-06,8.5992353e-06,3.0052476e-08,7.5131189e-09
thick_slow,9,0.82461399,0.84850217,0.83136011,0.77439183,1.4215843e-06,2.033083e-06,1.1814317e-05,1.1814317e-05,3.9140833e-08,9.7852083e-09
thick_slow,9.5,0.81595843,0.84014835,0.82280698,0.76501516,1.634724e-06,2.4489011e-06,1.6442624e-05,1.6442624e-05,5.2319583e-08,1.3079896e-08
thick_slow,10,0.80740778,0.83190094,0.81435986,0.75573634,1.9133537e-06,3.0021202e-06,2.3157807e-05,2.3157807e-05,7.1736399e-08,1.79341e-08
thick_slow,10.5,0.79896093,0.82375878,0.80601767,0.74655436,2.2779804e-06,3.7389527e-06,3.2989249e-05,3.2989249e-05,1.0087168e-07,2.5217921e-08
thick_slow,11,0.7906168,0.81572073,0.79777931,0.73746818,2.7554582e-06,4.721623e-06,4.7529315e-05,4.7529315e-05,1.4551694e-07,3.6379235e-08
thick_slow,11.5,0.78237431,0.80778562,0.7896437,0.72847683,3.3810806e-06,6.0343882e-06,6.9269411e-05,6.9269411e-05,2.1557922e-07,5.3894805e-08
thick_slow,12,0.77423242,0.79995231,0.78160975,0.71957931,4.2014259e-06,7.7920551e-06,0.00010214544,0.00010214544,3.2848901e-07,8.2122251e-08
thick_slow,12.5,0.76619007,0.79221969,0.77367641,0.71077467,5.2782556e-06,1.0152123e-05,0.00015241856,0.00015241856,5.1577555e-07,1.2894389e-07
thick_slow,13,0.75824622,0.78458661,0.76584263,0.70206197,6.6938933e-06,1.3332223e-05,0.00023007776,0.00023007776,8.3597697e-07,2.0899424e-07
thick_slow,13.5,0.75039983,0.77705198,0.75810735,0.69344028,8.5586968e-06,1.7635326e-05,0.00035101609,0.00035101609,1.4002777e-06,3.5006943e-07
thick_slow,14,0.7426499,0.76961467,0.75046955,0.6849087,1.1021505e-05,2.348639e-05,0.00054026397,0.00054026397,2.4235534e-06,6.0588834e-07
thick_slow,14.5,0.73499542,0.76227359,0.74292819,0.67646633,1.4284328e-05,3.1485868e-05,0.00083647501,0.00083647501,4.32507e-06,1.0812675e-06
thick_slow,15,0.72743538,0.75502764,0.73548225,0.66811232,1.8623103e-05,4.248805e-05,0.001297514,0.001297514,7.9223766e-06,1.9805941e-06
thick_slow,15.5,0.71996879,0.74787575,0.72813073,0.6598458,2.4417152e-05,5.7715856e-05,0.0020062693,0.0020062693,1.478917e-05,3.6972924e-06
thick_slow,16,0.71259469,0.74081683,0.72087261,0.65166594,3.2191096e-05,7.89287e-05,0.0030747792,0.0030747792,2.7875684e-05,6.9689209e-06
thick_slow,16.5,0.70531209,0.73384981,0.71370691,0.64357192,4.2674601e-05,0.00010866661,0.0046439327,0.0046439327,5.2497202e-05,1.3124301e-05
thick_slow,17,0.69812004,0.72697364,0.70663264,0.63556295,5.6887478e-05,0.00015060176,0.0068762464,0.0068762464,9.7749861e-05,2.4437465e-05
thick_slow,17.5,0.69101758,0.72018725,0.69964881,0.62763823,7.62606e-05,0.00021003639,0.0099411291,0.0099411291,0.00017829137,4.4572842e-05
thick_slow,18,0.68400378,0.7134896,0.69275446,0.619797,0.00010280668,0.00029459174,0.01399506,0.01399506,0.00031625285,7.9063212e-05
thick_slow,18.5,0.67707769,0.70687964,0.68594861,0.61203851,0.00013935916,0.00041512835,0.019161526,0.019161526,0.00054290884,0.00013572721
thick_slow,19,0.67023839,0.70035635,0.67923031,0.60436204,0.00018990156,0.00058691684,0.025515837,0.025515837,0.0008997169,0.00022492922
thick_slow,19.5,0.66348496,0.69391868,0.6725986,0.59676686,0.00026001197,0.00083102572,0.033078032,0.033078032,0.0014384726,0.00035961814
thick_slow,20,0.6568165,0.68756563,0.66605253,0.58925228,0.00035744555,0.0011758016,0.041814261,0.041814261,0.002220548,0.00055513701
thick_slow,20.5,0.65023209,0.68129617,0.65959117,0.58181762,0.0004928673,0.0016581917,0.051644787,0.051644787,0.0033153914,0.00082884784
thick_slow,21,0.64373085,0.6751093,0.65321358,0.57446221,0.00068072292,0.0023245284,0.062455803,0.062455803,0.0047985857,0.0011996464
thick_slow,21.5,0.63731189,0.66900401,0.64691884,0.56718541,0.00094019252,0.0032303282,0.074112327,0.074112327,0.0067497858,0.0016874464
thick_slow,22,0.63097432,0.66297931,0.64070601,0.55998659,0.001296111,0.0044387168,0.086470167,0.086470167,0.0092507909,0.0023126977
thick_slow,22.5,0.62471727,0.65703422,0.63457418,0.55286512,0.0017796697,0.0060173317,0.09938577,0.09938577,0.012383912,0.0030959779
thick_slow,23,0.61853987,0.65116774,0.62852244,0.54582042,0.0024286588,0.0080339195,0.11272349,0.11272349,0.016230683,0.0040576707
thick_slow,23.5,0.61244128,0.64537891,0.62254988,0.5388519,0.0032870062,0.010551222,0.12636035,0.12636035,0.020870878,0.0052177196
thick_slow,24,0.60642062,0.63966674,0.61665559,0.53195899,0.0044034357,0.013621974,0.14018856,0.14018856,0.026381716,0.006595429
thick_slow,24.5,0.60047706,0.63403029,0.61083869,0.52514114,0.0058292247,0.017284816,0.15411642,0.15411642,0.032837114,0.0082092786
thick_slow,25,0.59460975,0.62846858,0.60509828,0.51839781,0.0076152373,0.021561707,0.16806789,0.16806789,0.040306868,0.010076717
thick_slow,25.5,0.58881786,0.62298067,0.59943346,0.51172849,0.0098085979,0.026457041,0.18198145,0.18198145,0.048855671,0.012213918
thick_slow,26,0.58310056,0.61756562,0.59384337,0.50513265,0.012449469,0.031958363,0.19580849,0.19580849,0.058541972,0.014635493
thick_slow,26.5,0.57745702,0.61222249,0.58832711,0.49860981,0.015568381,0.038038337,0.20951152,0.20951152,0.069416751,0.017354188
thick_slow,27,0.57188643,0.60695034,0.58288382,0.49215949,0.019184441,0.044657498,0.22306242,0.22306242,0.081522332,0.020380583
thick_slow,27.5,0.56638797,0.60174825,0.57751262,0.48578122,0.023304562,0.05176737,0.23644073,0.23644073,0.094891376,0.023722844
thick_slow,28,0.56096084,0.59661529,0.57221265,0.47947456,0.027923676,0.059313574,0.24963218,0.24963218,0.10954619,0.027386548
thick_slow,28.5,0.55560423,0.59155056,0.56698304,0.47323904,0.033025765,0.067238675,0.26262738,0.26262738,0.12549841,0.031374602
thick_slow,29,0.55031734,0.58655315,0.56182295,0.46707426,0.038585462,0.075484614,0.27542073,0.27542073,0.14274908,0.035687269
thick_slow,29.5,0.54509939,0.58162216,0.55673151,0.46097979,0.044569983,0.083994653,0.28800952,0.28800952,0.16128914,0.040322284
thick_slow,30,0.53994958,0.5767567,0.55170788,0.45495522,0.050941145,0.09271484,0.3003932,0.3003932,0.18110017,0.045275043
thick_slow,30.5,0.53486713,0.57195587,0.54675121,0.44900016,0.057657318,0.10159502,0.31257278,0.31257278,0.20215542,0.050538856
thick_slow,31,0.52985126,0.5672188,0.54186066,0.44311423,0.064675175,0.11058945,0.32455035,0.32455035,0.22442091,0.056105229
thick_slow,31.5,0.52490119,0.56254461,0.53703539,0.43729704,0.071951185,0.11965714,0.33632876,0.33632876,0.24785664,0.061964159
thick_slow,32,0.52001615,0.55793244,0.53227457,0.43154824,0.079442814,0.12876184,0.34791131,0.34791131,0.27241774,0.068104434
thick_slow,32.5,0.51519539,0.55338143,0.52757738,0.42586746,0.087109434,0.137872,0.35930158,0.35930158,0.29805562,0.074513905
thick_slow,33,0.51043812,0.54889071,0.52294298,0.42025434,0.094912985,0.14696046,0.37050322,0.37050322,0.32471899,0.081179747
thick_slow,33.5,0.50574359,0.54445945,0.51837056,0.41470856,0.10281838,0.15600415,0.3815199,0.3815199,0.35235473,0.088088683
thick_slow,34,0.50111106,0.54008681,0.5138593,0.40922976,0.11079376,0.16498369,0.39235519,0.39235519,0.38090872,0.095227181
thick_slow,34.5,0.49653976,0.53577195,0.50940838,0.40381761,0.11881054,0.17388302,0.40301251,0.40301251,0.41032647,0.10258162
thick_slow,35,0.49202895,0.53151404,0.50501701,0.39847179,0.12684338,0.18268901,0.41349514,0.41349514,0.44055367,0.11013842
thick_slow,35.5,0.48757788,0.52731227,0.50068437,0.39319198,0.13487007,0.19139105,0.42380613,0.42380613,0.47153662,0.11788415
thick_slow,36,0.48318582,0.52316583,0.49640967,0.38797785,0.14287133,0.19998078,0.43394837,0.43394837,0.50322258,0.12580565
thick_slow,36.5,0.47885202,0.5190739,0.49219211,0.38282908,0.15083062,0.20845168,0.44392451,0.44392451,0.53556006,0.13389002
thick_slow,37,0.47457575,0.5150357,0.4880309,0.37774535,0.15873383,0.21679887,0.45373703,0.45373703,0.56849895,0.14212474
thick_slow,37.5,0.47035629,0.51105044,0.48392526,0.37272636,0.16656912,0.2250188,0.46338823,0.46338823,0.60199069,0.15049767
thick_slow,38,0.46619291,0.50711732,0.47987441,0.36777179,0.17432663,0.23310906,0.4728802,0.4728802,0.63598835,0.15899709
thick_slow,38.5,0.46208488,0.50323559,0.47587757,0.36288131,0.18199825,0.24106818,0.48221492,0.48221492,0.6704467,0.16761167
thick_slow,39,0.45803148,0.49940446,0.47193397,0.35805461,0.18957741,0.24889546,0.49139417,0.49139417,0.70532219,0.17633055
thick_slow,39.5,0.45403201,0.49562319,0.46804285,0.35329138,0.19705889,0.25659084,0.50041964,0.50041964,0.740573,0.18514325
thick_slow,40,0.45008574,0.49189101,0.46420344,0.34859128,0.20443861,0.26415476,0.50929289,0.50929289,0.77615898,0.19403974
thick_slow,40.5,0.44619197,0.48820719,0.46041499,0.34395399,0.21171352,0.27158811,0.51801534,0.51801534,0.81204163,0.20301041
thick_slow,41,0.44234999,0.48457098,0.45667675,0.33937919,0.21888136,0.27889206,0.52658838,0.52658838,0.84818407,0.21204602
thick_slow,41.5,0.43855911,0.48098166,0.45298799,0.33486652,0.22594066,0.28606808,0.53501326,0.53501326,0.88455102,0.22113776
thick_slow,42,0.43481863,0.47743851,0.44934795,0.33041565,0.23289049,0.29311781,0.54329119,0.54329119,0.9211087,0.23027718
thick_slow,42.5,0.43112784,0.47394082,0.44575591,0.32602624,0.23973048,0.30004307,0.55142333,0.55142333,0.95782481,0.2394562
thick_slow,43,0.42748608,0.47048788,0.44221115,0.32169791,0.24646067,0.30684575,0.55941078,0.55941078,0.99466849,0.24866712
thick_slow,43.5,0.42389264,0.46707899,0.43871294,0.31743031,0.25308144,0.31352787,0.5672546,0.5672546,1.0316102,0.25790256
thick_slow,44,0.42034684,0.46371347,0.43526057,0.31322306,0.25959347,0.32009146,0.57495583,0.57495583,1.0686219,0.26715548
thick_slow,44.5,0.41684802,0.46039063,0.43185334,0.30907579,0.26599768,0.32653861,0.58251546,0.58251546,1.1056766,0.27641915
thick_slow,45,0.4133955,0.4571098,0.42849054,0.30498809,0.27229517,0.33287139,0.58993451,0.58993451,1.1427487,0.28568717
thick_slow,45.5,0.40998861,0.45387032,0.42517148,0.30095957,0.27848721,0.33909191,0.59721395,0.59721395,1.1798137,0.29495343
thick_slow,46,0.40662669,0.45067153,0.42189547,0.29698981,0.28457516,0.34520225,0.60435477,0.60435477,1.2168484,0.30421209
thick_slow,46.5,0.40330908,0.44751279,0.41866183,0.2930784,0.2905605,0.35120445,0.61135795,0.61135795,1.2538305,0.31345762
thick_slow,47,0.40003512,0.44439345,0.4154699,0.28922489,0.29644476,0.35710056,0.61822448,0.61822448,1.2907389,0.32268472
thick_slow,47.5,0.39680417,0.44131288,0.412319,0.28542884,0.30222953,0.36289258,0.62495535,0.62495535,1.3275535,0.33188838
thick_slow,48,0.39361558,0.43827046,0.40920848,0.28168979,0.30791643,0.36858248,0.63155159,0.63155159,1.3642553,0.34106383
thick_slow,48.5,0.39046872,0.43526558,0.40613768,0.27800727,0.3135071,0.37417218,0.63801421,0.63801421,1.4008261,0.35020652
thick_slow,49,0.38736295,0.43229763,0.40310597,0.27438081,0.3190032,0.37966359,0.64434426,0.64434426,1.4372486,0.35931216
thick_slow,49.5,0.38429764,0.429366,0.4001127,0.27080992,0.32440636,0.38505855,0.65054282,0.65054282,1.4735066,0.36837666
thick_slow,50,0.38127218,0.42647011,0.39715725,0.26729408,0.32971824,0.39035889,0.65661096,0.65661096,1.5095847,0.37739618
thick_slow,50.5,0.37828594,0.42360938,0.394239,0.26383278,0.33494046,0.39556637,0.6625498,0.6625498,1.5454682,0.38636705
thick_slow,51,0.37533831,0.42078323,0.39135733,0.26042551,0.34007465,0.40068273,0.66836048,0.66836048,1.5811433,0.39528582
thick_slow,51.5,0.3724287,0.41799111,0.38851164,0.25707171,0.3451224,0.40570966,0.67404416,0.67404416,1.616597,0.40414924
thick_slow,52,0.3695565,0.41523244,0.38570133,0.25377085,0.35008528,0.41064881,0.67960203,0.67960203,1.651817,0.41295425
thick_slow,52.5,0.36672111,0.41250668,0.38292582,0.25052236,0.35496483,0.41550181,0.68503529,0.68503529,1.6867918,0.42169795
thick_slow,53,0.36392197,0.40981329,0.38018451,0.24732567,0.35976258,0.42027024,0.6903452,0.6903452,1.7215105,0.43037763
thick_slow,53.5,0.36115847,0.40715175,0.37747685,0.24418021,0.36448001,0.42495563,0.69553301,0.69553301,1.755963,0.43899075
thick_slow,54,0.35843006,0.40452151,0.37480226,0.2410854,0.36911859,0.4295595,0.70060002,0.70060002,1.7901397,0.44753492
thick_slow,54.5,0.35573617,0.40192207,0.37216019,0.23804062,0.37367975,0.43408332,0.70554754,0.70554754,1.8240317,0.45600792
thick_slow,55,0.35307623,0.39935292,0.36955009,0.23504528,0.3781649,0.43852854,0.71037692,0.71037692,1.8576307,0.46440768
thick_slow,55.5,0.35044969,0.39681355,0.36697142,0.23209877,0.3825754,0.44289656,0.71508951,0.71508951,1.8909291,0.47273227
thick_slow,56,0.34785601,0.39430348,0.36442364,0.22920047,0.3869126,0.44718876,0.71968669,0.71968669,1.9239195,0.48097988
thick_slow,56.5,0.34529466,0.39182221,0.36190623,0.22634974,0.39117781,0.45140648,0.72416988,0.72416988,1.9565955,0.48914887
thick_slow,57,0.34276509,0.38936928,0.35941869,0.22354597,0.39537232,0.45555105,0.72854049,0.72854049,1.9889508,0.4972377
thick_slow,57.5,0.34026678,0.38694421,0.35696049,0.2207885,0.39949739,0.45962376,0.73279997,0.73279997,2.0209799,0.50524497
thick_slow,58,0.33779923,0.38454654,0.35453114,0.21807671,0.40355425,0.46362586,0.73694977,0.73694977,2.0526775,0.51316939
thick_slow,58.5,0.33536191,0.38217581,0.35213015,0.21540994,0.40754409,0.46755859,0.74099137,0.74099137,2.0840391,0.52100977
thick_slow,59,0.33295432,0.37983158,0.34975704,0.21278754,0.41146811,0.47142317,0.74492625,0.74492625,2.1150602,0.52876506
thick_slow,59.5,0.33057597,0.37751342,0.34741132,0.21020886,0.41532744,0.47522076,0.74875592,0.74875592,2.1457371,0.53643428
thick_slow,60,0.32822638,0.37522088,0.34509254,0.20767326,0.41912322,0.47895254,0.75248187,0.75248187,2.1760663,0.54401658
thick_slow,60.5,0.32590505,0.37295354,0.34280023,0.20518006,0.42285654,0.48261963,0.75610563,0.75610563,2.2060447,0.55151117
thick_slow,61,0.32361152,0.37071099,0.34053395,0.20272862,0.42652848,0.48622315,0.75962872,0.75962872,2.2356695,0.55891738
thick_slow,61.5,0.32134533,0.36849281,0.33829324,0.20031829,0.4301401,0.48976419,0.76305267,0.76305267,2.2649384,0.56623461
thick_slow,62,0.319106,0.36629861,0.33607768,0.19794839,0.43369242,0.4932438,0.76637902,0.76637902,2.2938494,0.57346234
thick_slow,62.5,0.3168931,0.36412799,0.33388683,0.19561829,0.43718646,0.49666304,0.76960929,0.76960929,2.3224006,0.58060014
thick_slow,63,0.31470618,0.36198055,0.33172028,0.19332732,0.4406232,0.50002293,0.77274503,0.77274503,2.3505906,0.58764766
thick_slow,63.5,0.31254479,0.35985592,0.32957762,0.19107484,0.4440036,0.50332446,0.77578778,0.77578778,2.3784183,0.59460458
thick_slow,64,0.31040853,0.35775372,0.32745843,0.1888602,0.44732863,0.50656864,0.77873905,0.77873905,2.4058828,0.6014707
thick_slow,64.5,0.30829695,0.35567358,0.32536232,0.18668275,0.45059919,0.5097564,0.7816004,0.7816004,2.4329834,0.60824585
thick_slow,65,0.30620965,0.35361514,0.32328891,0.18454186,0.4538162,0.51288871,0.78437333,0.78437333,2.4597197,0.61492992
thick_slow,65.5,0.30414621,0.35157805,0.3212378,0.18243688,0.45698055,0.51596648,0.78705938,0.78705938,2.4860915,0.62152288
thick_slow,66,0.30210625,0.34956195,0.31920863,0.18036718,0.4600931,0.51899061,0.78966005,0.78966005,2.5120989,0.62802473
thick_slow,66.5,0.30008936,0.3475665,0.31720102,0.17833214,0.46315472,0.52196201,0.79217685,0.79217685,2.5377422,0.63443554
thick_slow,67,0.29809516,0.34559137,0.31521461,0.17633114,0.46616622,0.52488154,0.79461127,0.79461127,2.5630216,0.64075541
thick_slow,67.5,0.29612327,0.34363623,0.31324905,0.17436356,0.46912844,0.52775005,0.7969648,0.7969648,2.587938,0.64698449
thick_slow,68,0.29417332,0.34170074,0.31130399,0.17242878,0.47204217,0.53056839,0.7992389,0.7992389,2.6124919,0.65312298
thick_slow,68.5,0.29224494,0.3397846,0.30937909,0.17052622,0.4749082,0.53333736,0.80143504,0.80143504,2.6366845,0.65917113
thick_slow,69,0.29033778,0.33788749,0.30747402,0.16865527,0.47772729,0.53605779,0.80355467,0.80355467,2.6605168,0.6651292
thick_slow,69.5,0.28845147,0.33600911,0.30558844,0.16681534,0.48050021,0.53873044,0.80559921,0.80559921,2.68399,0.67099751
thick_slow,70,0.28658569,0.33414914,0.30372204,0.16500585,0.48322769,0.54135611,0.80757008,0.80757008,2.7071056,0.67677639
thick_slow,70.5,0.28474008,0.3323073,0.30187451,0.16322624,0.48591046,0.54393554,0.80946868,0.80946868,2.7298649,0.68246623
thick_slow,71,0.28291431,0.3304833,0.30004552,0.16147592,0.48854922,0.54646948,0.8112964,0.8112964,2.7522697,0.68806743
thick_slow,71.5,0.28110806,0.32867686,0.29823478,0.15975435,0.49114468,0.54895867,0.81305461,0.81305461,2.7743217,0.69358042
thick_slow,72,0.27932101,0.32688768,0.296442,0.15806098,0.49369752,0.5514038,0.81474465,0.81474465,2.7960226,0.69900566
thick_slow,72.5,0.27755285,0.32511551,0.29466687,0.15639525,0.49620841,0.5538056,0.81636787,0.81636787,2.8173745,0.70434362
thick_slow,73,0.27580326,0.32336007,0.29290913,0.15475665,0.498678,0.55616474,0.81792557,0.81792557,2.8383793,0.70959483
thick_slow,73.5,0.27407194,0.3216211,0.29116848,0.15314464,0.50110695,0.55848189,0.81941905,0.81941905,2.8590392,0.71475979
thick_slow,74,0.2723586,0.31989833,0.28944466,0.15155871,0.50349587,0.56075773,0.8208496,0.8208496,2.8793562,0.71983905
thick_slow,74.5,0.27066295,0.31819152,0.28773739,0.14999835,0.5058454,0.56299289,0.82221846,0.82221846,2.8993327,0.72483318
thick_slow,75,0.26898471,0.31650042,0.28604641,0.14846306,0.50815615,0.56518801,0.82352688,0.82352688,2.918971,0.72974274
thick_slow,75.5,0.26732358,0.31482478,0.28437147,0.14695235,0.5104287,0.56734372,0.82477608,0.82477608,2.9382734,0.73456834
thick_slow,76,0.26567931,0.31316436,0.28271231,0.14546574,0.51266364,0.56946064,0.82596726,0.82596726,2.9572423,0.73931057
thick_slow,76.5,0.26405162,0.31151893,0.28106869,0.14400275,0.51486156,0.57153935,0.8271016,0.8271016,2.9758803,0.74397007
thick_slow,77,0.26244025,0.30988826,0.27944036,0.14256292,0.51702301,0.57358044,0.82818027,0.82818027,2.9941898,0.74854745
thick_slow,77.5,0.26084494,0.30827211,0.27782709,0.14114579,0.51914854,0.5755845,0.82920439,0.82920439,3.0121734,0.75304336
thick_slow,78,0.25926544,0.30667028,0.27622865,0.13975092,0.52123871,0.5775521,0.8301751,0.8301751,3.0298338,0.75745845
thick_slow,78.5,0.2577015,0.30508253,0.2746448,0.13837787,0.52329404,0.57948377,0.8310935,0.8310935,3.0471735,0.76179337
thick_slow,79,0.25615288,0.30350867,0.27307532,0.13702621,0.52531506,0.58138008,0.83196066,0.83196066,3.0641952,0.7660488
thick_slow,79.5,0.25461934,0.30194847,0.27151999,0.1356955,0.52730227,0.58324156,0.83277766,0.83277766,3.0809017,0.77022541
thick_slow,80,0.25310065,0.30040174,0.26997861,0.13438535,0.52925619,0.58506872,0.83354553,0.83354553,3.0972955,0.77432388
thick_slow,80.5,0.25159657,0.29886826,0.26845095,0.13309534,0.53117731,0.58686209,0.8342653,0.8342653,3.1133796,0.77834489
thick_slow,81,0.25010689,0.29734785,0.26693683,0.13182508,0.53306612,0.58862217,0.83493797,0.83493797,3.1291565,0.78228913
thick_slow,81.5,0.24863138,0.29584031,0.26543602,0.13057417,0.53492309,0.59034945,0.83556454,0.83556454,3.1446292,0.7861573
thick_slow,82,0.24716983,0.29434545,0.26394834,0.12934224,0.53674868,0.59204441,0.83614596,0.83614596,3.1598004,0.7899501
thick_slow,82.5,0.24572202,0.29286308,0.26247359,0.12812891,0.53854337,0.59370755,0.83668318,0.83668318,3.1746728,0.79366821
thick_slow,83,0.24428776,0.29139301,0.26101158,0.12693381,0.5403076,0.59533932,0.83717714,0.83717714,3.1892494,0.79731235
thick_slow,83.5,0.24286684,0.28993508,0.25956213,0.12575659,0.54204181,0.59694018,0.83762874,0.83762874,3.2035329,0.80088322
thick_slow,84,0.24145905,0.2884891,0.25812505,0.1245969,0.54374644,0.59851059,0.83803888,0.83803888,3.2175261,0.80438151
thick_slow,84.5,0.2400642,0.2870549,0.25670017,0.12345439,0.54542192,0.60005098,0.83840844,0.83840844,3.2312318,0.80780795
thick_slow,85,0.23868211,0.28563232,0.25528731,0.12232872,0.54706867,0.60156179,0.83873826,0.83873826,3.2446529,0.81116323
thick_slow,85.5,0.23731258,0.28422117,0.2538863,0.12121957,0.5486871,0.60304345,0.8390292,0.8390292,3.2577922,0.81444806
thick_slow,86,0.23595544,0.28282131,0.25249697,0.12012662,0.55027761,0.60449637,0.83928208,0.83928208,3.2706525,0.81766314
thick_slow,86.5,0.23461049,0.28143256,0.25111916,0.11904955,0.5518406,0.60592096,0.8394977,0.8394977,3.2832367,0.82080917
thick_slow,87,0.23327756,0.28005478,0.2497527,0.11798804,0.55337647,0.60731763,0.83967685,0.83967685,3.2955475,0.82388687
thick_slow,87.5,0.23195649,0.27868781,0.24839744,0.11694181,0.5548856,0.60868677,0.83982032,0.83982032,3.3075877,0.82689692
thick_slow,88,0.2306471,0.27733149,0.24705323,0.11591055,0.55636836,0.61002877,0.83992884,0.83992884,3.3193602,0.82984004
thick_slow,88.5,0.22934922,0.27598568,0.2457199,0.11489398,0.55782512,0.61134401,0.84000318,0.84000318,3.3308676,0.83271691
thick_slow,89,0.22806269,0.27465024,0.24439732,0.11389181,0.55925625,0.61263287,0.84004405,0.84004405,3.3421129,0.83552823
thick_slow,89.5,0.22678734,0.27332501,0.24308533,0.11290377,0.56066211,0.61389571,0.84005217,0.84005217,3.3530988,0.8382747
thick_slow,90,0.22552303,0.27200987,0.2417838,0.11192958,0.56204305,0.61513289,0.84002824,0.84002824,3.363828,0.84095699
thick_slow,90.5,0.2242696,0.27070466,0.24049257,0.11096899,0.56339941,0.61634477,0.83997293,0.83997293,3.3743032,0.84357581
thick_slow,91,0.2230269,0.26940926,0.23921152,0.11002173,0.56473153,0.6175317,0.83988692,0.83988692,3.3845273,0.84613182
thick_slow,91.5,0.22179477,0.26812354,0.23794051,0.10908755,0.56603975,0.61869401,0.83977085,0.83977085,3.3945029,0.84862572
thick_slow,92,0.22057308,0.26684735,0.23667941,0.1081662,0.56732439,0.61983204,0.83962538,0.83962538,3.4042327,0.85105817
thick_slow,92.5,0.21936167,0.26558058,0.23542809,0.10725744,0.56858577,0.62094613,0.83945112,0.83945112,3.4137194,0.85342985
thick_slow,93,0.21816041,0.2643231,0.23418641,0.10636104,0.56982422,0.6220366,0.83924869,0.83924869,3.4229657,0.85574142
thick_slow,93.5,0.21696917,0.26307479,0.23295426,0.10547676,0.57104005,0.62310376,0.83901869,0.83901869,3.4319742,0.85799355
thick_slow,94,0.2157878,0.26183552,0.23173151,0.10460438,0.57223355,0.62414793,0.83876171,0.83876171,3.4407476,0.8601869
thick_slow,94.5,0.21461618,0.26060518,0.23051804,0.10374368,0.57340503,0.62516941,0.83847833,0.83847833,3.4492885,0.86232212
thick_slow,95,0.21345417,0.25938365,0.22931374,0.10289443,0.57455479,0.62616852,0.8381691,0.8381691,3.4575995,0.86439987
thick_slow,95.5,0.21230164,0.25817081,0.22811848,0.10205643,0.57568312,0.62714553,0.83783458,0.83783458,3.4656832,0.86642079
thick_slow,96,0.21115848,0.25696656,0.22693216,0.10122947,0.57679029,0.62810075,0.8374753,0.8374753,3.4735421,0.86838552
thick_slow,96.5,0.21002455,0.25577078,0.22575467,0.10041335,0.5778766,0.62903446,0.83709181,0.83709181,3.4811788,0.8702947
thick_slow,97,0.20889975,0.25458336,0.22458588,0.099607869,0.57894232,0.62994694,0.8366846,0.8366846,3.4885959,0.87214896
thick_slow,97.5,0.20778394,0.2534042,0.22342571,0.098812833,0.57998772,0.63083848,0.8362542,0.8362542,3.4957958,0.87394894
thick_slow,98,0.20667701,0.25223319,0.22227404,0.098028052,0.58101307,0.63170934,0.83580109,0.83580109,3.502781,0.87569525
thick_slow,98.5,0.20557885,0.25107023,0.22113076,0.097253343,0.58201863,0.63255978,0.83532576,0.83532576,3.509554,0.8773885
thick_slow,99,0.20448935,0.24991522,0.21999578,0.096488522,0.58300466,0.63339008,0.83482868,0.83482868,3.5161173,0.87902932
thick_slow,99.5,0.2034084,0.24876806,0.218869,0.095733413,0.58397141,0.63420049,0.83431033,0.83431033,3.5224733,0.88061832
thick_slow,100,0.20233588,0.24762865,0.21775032,0.094987842,0.58491913,0.63499127,0.83377115,0.83377115,3.5286243,0.88215609
thick_slow,100.5,0.20127169,0.2464969,0.21663964,0.094251639,0.58584808,0.63576266,0.83321159,0.83321159,3.5345729,0.88364323
thick_slow,101,0.20021573,0.24537272,0.21553687,0.093524638,0.58675848,0.63651491,0.83263208,0.83263208,3.5403213,0.88508033
thick_slow,101.5,0.19916789,0.244256,0.21444192,0.092806677,0.58765058,0.63724826,0.83203306,0.83203306,3.545872,0.88646799
thick_slow,102,0.19812808,0.24314667,0.21335469,0.092097596,0.58852461,0.63796296,0.83141493,0.83141493,3.5512271,0.88780678
thick_slow,102.5,0.19709619,0.24204463,0.2122751,0.09139724,0.58938081,0.63865923,0.83077812,0.83077812,3.5563892,0.88909729
thick_slow,103,0.19607213,0.24094979,0.21120306,0.090705456,0.5902194,0.63933731,0.83012301,0.83012301,3.5613603,0.89034008
thick_slow,103.5,0.1950558,0.23986207,0.21013848,0.090022096,0.59104059,0.63999742,0.82945001,0.82945001,3.5661429,0.89153573
thick_slow,104,0.19404711,0.23878139,0.20908128,0.089347013,0.59184462,0.64063979,0.82875949,0.82875949,3.5707392,0.89268479
thick_slow,104.5,0.19304597,0.23770765,0.20803137,0.088680065,0.5926317,0.64126463,0.82805183,0.82805183,3.5751513,0.89378782
thick_slow,105,0.19205228,0.23664079,0.20698868,0.088021111,0.59340203,0.64187216,0.82732741,0.82732741,3.5793815,0.89484538
thick_slow,105.5,0.19106596,0.23558071,0.20595312,0.087370016,0.59415583,0.64246259,0.82658657,0.82658657,3.583432,0.89585801
thick_slow,106,0.19008691,0.23452735,0.20492462,0.086726646,0.59489331,0.64303613,0.82582968,0.82582968,3.587305,0.89682624
thick_slow,106.5,0.18911506,0.23348061,0.20390309,0.086090868,0.59561466,0.64359299,0.82505707,0.82505707,3.5910025,0.89775063
thick_slow,107,0.18815031,0.23244044,0.20288846,0.085462556,0.59632009,0.64413337,0.8242691,0.8242691,3.5945268,0.8986317
thick_slow,107.5,0.18719259,0.23140675,0.20188066,0.084841583,0.59700979,0.64465747,0.82346608,0.82346608,3.5978799,0.89946997
thick_slow,108,0.18624181,0.23037946,0.20087961,0.084227826,0.59768395,0.64516548,0.82264834,0.82264834,3.6010639,0.90026597
thick_slow,108.5,0.1852979,0.22935851,0.19988523,0.083621166,0.59834277,0.6456576,0.82181621,0.82181621,3.6040809,0.90102021
thick_slow,109,0.18436076,0.22834383,0.19889747,0.083021483,0.59898643,0.64613402,0.82096999,0.82096999,3.6069328,0.90173321
thick_slow,109.5,0.18343033,0.22733535,0.19791625,0.082428663,0.59961511,0.64659493,0.82011,0.82011,3.6096219,0.90240547
thick_slow,110,0.18250653,0.22633299,0.19694149,0.081842593,0.600229,0.6470405,0.81923651,0.81923651,3.61215,0.90303749
thick_slow,110.5,0.18158929,0.22533669,0.19597314,0.081263161,0.60082828,0.64747093,0.81834984,0.81834984,3.6145191,0.90362977
thick_slow,111,0.18067852,0.22434638,0.19501112,0.08069026,0.60141312,0.64788639,0.81745027,0.81745027,3.6167312,0.9041828
thick_slow,111.5,0.17977416,0.22336201,0.19405538,0.080123783,0.60198369,0.64828705,0.81653808,0.81653808,3.6187883,0.90469707
thick_slow,112,0.17887613,0.22238349,0.19310583,0.079563626,0.60254017,0.6486731,0.81561354,0.81561354,3.6206922,0.90517306
thick_slow,112.5,0.17798437,0.22141078,0.19216244,0.079009687,0.60308272,0.6490447,0.81467692,0.81467692,3.6224449,0.90561123
thick_slow,113,0.17709881,0.2204438,0.19122512,0.078461866,0.60361151,0.64940202,0.8137285,0.8137285,3.6240483,0.90601208
thick_slow,113.5,0.17621937,0.21948251,0.19029382,0.077920066,0.60412669,0.64974523,0.81276852,0.81276852,3.6255043,0.90637606
thick_slow,114,0.17534599,0.21852683,0.18936847,0.07738419,0.60462844,0.65007448,0.81179724,0.81179724,3.6268146,0.90670364
thick_slow,114.5,0.1744786,0.2175767,0.18844903,0.076854145,0.60511691,0.65038995,0.81081492,0.81081492,3.6279811,0.90699527
thick_slow,115,0.17361714,0.21663208,0.18753543,0.076329838,0.60559225,0.65069179,0.80982179,0.80982179,3.6290056,0.90725141
thick_slow,115.5,0.17276155,0.2156929,0.18662761,0.075811179,0.60605462,0.65098016,0.80881809,0.80881809,3.62989,0.90747251
thick_slow,116,0.17191176,0.21475911,0.18572552,0.07529808,0.60650417,0.65125521,0.80780407,0.80780407,3.630636,0.907659
thick_slow,116.5,0.1710677,0.21383065,0.18482909,0.074790454,0.60694105,0.65151709,0.80677994,0.80677994,3.6312454,0.90781134
thick_slow,117,0.17022933,0.21290747,0.18393829,0.074288217,0.6073654,0.65176596,0.80574593,0.80574593,3.6317198,0.90792995
thick_slow,117.5,0.16939657,0.21198951,0.18305304,0.073791284,0.60777736,0.65200196,0.80470227,0.80470227,3.632061,0.90801526
thick_slow,118,0.16856938,0.21107672,0.1821733,0.073299574,0.60817709,0.65222524,0.80364917,0.80364917,3.6322708,0.9080677
thick_slow,118.5,0.16774768,0.21016905,0.18129902,0.072813007,0.60856472,0.65243594,0.80258684,0.80258684,3.6323508,0.9080877
thick_slow,119,0.16693143,0.20926645,0.18043015,0.072331505,0.60894039,0.6526342,0.80151549,0.80151549,3.6323026,0.90807566
thick_slow,119.5,0.16612056,0.20836887,0.17956662,0.07185499,0.60930424,0.65282017,0.80043533,0.80043533,3.632128,0.908032
thick_slow,120,0.16531503,0.20747625,0.1787084,0.071383388,0.60965639,0.65299398,0.79934655,0.79934655,3.6318285,0.90795714
thick_slow,120.5,0.16451477,0.20658856,0.17785544,0.070916624,0.60999698,0.65315576,0.79824935,0.79824935,3.6314058,0.90785146
thick_slow,121,0.16371973,0.20570573,0.17700768,0.070454625,0.61032615,0.65330566,0.79714393,0.79714393,3.6308615,0.90771538
thick_slow,121.5,0.16292987,0.20482773,0.17616508,0.069997321,0.61064402,0.65344381,0.79603047,0.79603047,3.6301972,0.90754929
thick_slow,122,0.16214512,0.20395451,0.17532759,0.069544641,0.61095071,0.65357033,0.79490915,0.79490915,3.6294143,0.90735358
thick_slow,122.5,0.16136543,0.20308602,0.17449516,0.069096517,0.61124636,0.65368535,0.79378016,0.79378016,3.6285145,0.90712863
thick_slow,123,0.16059076,0.20222222,0.17366775,0.068652881,0.61153108,0.65378901,0.79264368,0.79264368,3.6274994,0.90687484
thick_slow,123.5,0.15982106,0.20136306,0.17284531,0.068213669,0.61180499,0.65388142,0.79149988,0.79149988,3.6263703,0.90659258
thick_slow,124,0.15905627,0.2005085,0.17202781,0.067778814,0.61206822,0.65396272,0.79034893,0.79034893,3.6251289,0.90628222
thick_slow,124.5,0.15829634,0.19965849,0.17121518,0.067348255,0.61232089,0.65403302,0.789191,0.789191,3.6237765,0.90594414
thick_slow,125,0.15754124,0.19881301,0.1704074,0.066921927,0.61256311,0.65409244,0.78802626,0.78802626,3.6223148,0.9055787
thick_slow,125.5,0.1567909,0.19797199,0.16960442,0.066499771,0.61279499,0.65414111,0.78685486,0.78685486,3.6207451,0.90518626
thick_slow,126,0.15604529,0.1971354,0.16880619,0.066081725,0.61301664,0.65417913,0.78567696,0.78567696,3.6190688,0.9047672
thick_slow,126.5,0.15530436,0.19630321,0.16801268,0.065667732,0.61322819,0.65420664,0.78449273,0.78449273,3.6172874,0.90432185
thick_slow,127,0.15456806,0.19547537,0.16722384,0.065257734,0.61342973,0.65422373,0.78330231,0.78330231,3.6154023,0.90385058
thick_slow,127.5,0.15383635,0.19465184,0.16643963,0.064851673,0.61362139,0.65423054,0.78210585,0.78210585,3.6134149,0.90335373
thick_slow,128,0.15310919,0.19383258,0.16566002,0.064449494,0.61380325,0.65422716,0.7809035,0.7809035,3.6113266,0.90283165
thick_slow,128.5,0.15238653,0.19301756,0.16488497,0.064051143,0.61397544,0.6542137,0.77969541,0.77969541,3.6091387,0.90228467
thick_slow,129,0.15166832,0.19220674,0.16411443,0.063656565,0.61413805,0.65419028,0.77848171,0.77848171,3.6068525,0.90171314
thick_slow,129.5,0.15095453,0.19140007,0.16334836,0.063265708,0.61429119,0.65415701,0.77726254,0.77726254,3.6044695,0.90111738
thick_slow,130,0.15024512,0.19059754,0.16258674,0.06287852,0.61443495,0.65411399,0.77603805,0.77603805,3.6019909,0.90049773
thick_slow,130.5,0.14954004,0.18979909,0.16182952,0.06249495,0.61456945,0.65406132,0.77480836,0.77480836,3.599418,0.89985451
thick_slow,131,0.14883926,0.18900469,0.16107666,0.062114949,0.61469477,0.65399911,0.77357361,0.77357361,3.5967522,0.89918805
thick_slow,131.5,0.14814273,0.18821432,0.16032814,0.061738467,0.61481101,0.65392747,0.77233392,0.77233392,3.5939946,0.89849866
thick_slow,132,0.14745041,0.18742793,0.15958391,0.061365457,0.61491827,0.65384648,0.77108942,0.77108942,3.5911467,0.89778666
thick_slow,132.5,0.14676227,0.18664549,0.15884393,0.06099587,0.61501664,0.65375626,0.76984024,0.76984024,3.5882095,0.89705237
thick_slow,133,0.14607827,0.18586697,0.15810818,0.060629661,0.61510623,0.6536569,0.7685865,0.7685865,3.5851843,0.89629609
thick_slow,133.5,0.14539836,0.18509233,0.15737662,0.060266783,0.61518711,0.6535485,0.76732831,0.76732831,3.5820725,0.89551812
thick_slow,134,0.14472252,0.18432154,0.15664922,0.059907192,0.61525938,0.65343116,0.7660658,0.7660658,3.5788751,0.89471878
thick_slow,134.5,0.14405071,0.18355458,0.15592593,0.059550844,0.61532313,0.65330497,0.76479908,0.76479908,3.5755934,0.89389835
thick_slow,135,0.14338288,0.1827914,0.15520674,0.059197696,0.61537845,0.65317002,0.76352826,0.76352826,3.5722286,0.89305714
thick_slow,135.5,0.14271901,0.18203199,0.1544916,0.058847705,0.61542542,0.65302641,0.76225346,0.76225346,3.5687818,0.89219544
thick_slow,136,0.14205906,0.1812763,0.15378048,0.058500829,0.61546414,0.65287423,0.76097478,0.76097478,3.5652541,0.89131354
thick_slow,136.5,0.14140299,0.1805243,0.15307336,0.058157027,0.61549469,0.65271358,0.75969233,0.75969233,3.5616469,0.89041171
thick_slow,137,0.14075077,0.17977598,0.15237019,0.057816258,0.61551714,0.65254454,0.75840622,0.75840622,3.557961,0.88949026
thick_slow,137.5,0.14010237,0.17903129,0.15167096,0.057478484,0.61553159,0.6523672,0.75711655,0.75711655,3.5541978,0.88854945
thick_slow,138,0.13945775,0.17829022,0.15097562,0.057143665,0.61553812,0.65218164,0.75582342,0.75582342,3.5503583,0.88758957
thick_slow,138.5,0.13881687,0.17755272,0.15028415,0.056811762,0.61553681,0.65198797,0.75452693,0.75452693,3.5464436,0.88661089
thick_slow,139,0.13817972,0.17681878,0.14959651,0.056482738,0.61552773,0.65178625,0.75322718,0.75322718,3.5424547,0.88561368
thick_slow,139.5,0.13754625,0.17608837,0.14891269,0.056156557,0.61551096,0.65157658,0.75192427,0.75192427,3.5383928,0.8845982
thick_slow,140,0.13691643,0.17536145,0.14823264,0.05583318,0.61548659,0.65135905,0.75061829,0.75061829,3.5342589,0.88356473
thick_slow,140.5,0.13629023,0.174638,0.14755634,0.055512574,0.61545469,0.65113372,0.74930933,0.74930933,3.5300541,0.88251352
thick_slow,141,0.13566762,0.173918,0.14688377,0.055194701,0.61541534,0.6509007,0.74799748,0.74799748,3.5257794,0.88144484
thick_slow,141.5,0.13504858,0.17320142,0.14621488,0.054879529,0.61536861,0.65066005,0.74668284,0.74668284,3.5214358,0.88035894
thick_slow,142,0.13443306,0.17248823,0.14554966,0.054567022,0.61531457,0.65041186,0.74536548,0.74536548,3.5170243,0.87925608
thick_slow,142.5,0.13382104,0.17177841,0.14488808,0.054257147,0.61525331,0.65015621,0.74404551,0.74404551,3.512546,0.87813651
thick_slow,143,0.1332125,0.17107192,0.1442301,0.053949872,0.61518488,0.64989317,0.742723,0.742723,3.5080019,0.87700047
thick_slow,143.5,0.13260739,0.17036876,0.14357571,0.053645163,0.61510936,0.64962283,0.74139804,0.74139804,3.5033929,0.87584821
thick_slow,144,0.1320057,0.16966889,0.14292487,0.053342989,0.61502683,0.64934526,0.7400707,0.7400707,3.4987199,0.87467998
thick_slow,144.5,0.13140739,0.16897229,0.14227757,0.053043319,0.61493735,0.64906053,0.73874107,0.73874107,3.4939841,0.87349601
thick_slow,145,0.13081244,0.16827893,0.14163376,0.052746122,0.61484099,0.64876873,0.73740923,0.73740923,3.4891862,0.87229655
thick_slow,145.5,0.13022082,0.16758879,0.14099344,0.052451366,0.61473782,0.64846993,0.73607526,0.73607526,3.4843273,0.87108182
thick_slow,146,0.12963249,0.16690186,0.14035656,0.052159024,0.6146279,0.6481642,0.73473923,0.73473923,3.4794083,0.86985207
thick_slow,146.5,0.12904745,0.16621809,0.13972311,0.051869064,0.61451131,0.64785161,0.73340121,0.73340121,3.4744301,0.86860752
thick_slow,147,0.12846565,0.16553748,0.13909306,0.051581459,0.6143881,0.64753224,0.73206129,0.73206129,3.4693936,0.86734839
thick_slow,147.5,0.12788707,0.16486,0.13846639,0.05129618,0.61425835,0.64720616,0.73071953,0.73071953,3.4642997,0.86607492
thick_slow,148,0.12731169,0.16418563,0.13784307,0.051013198,0.61412211,0.64687344,0.729376,0.729376,3.4591493,0.86478732
thick_slow,148.5,0.12673948,0.16351434,0.13722307,0.050732486,0.61397945,0.64653414,0.72803078,0.72803078,3.4539433,0.86348583
thick_slow,149,0.12617041,0.16284612,0.13660639,0.050454018,0.61383043,0.64618835,0.72668393,0.72668393,3.4486826,0.86217064
thick_slow,149.5,0.12560446,0.16218094,0.13599298,0.050177765,0.61367512,0.64583612,0.72533552,0.72533552,3.4433679,0.86084199
thick_slow,150,0.12504161,0.16151879,0.13538282,0.049903703,0.61351357,0.64547752,0.72398562,0.72398562,3.4380003,0.85950007
thick_slow,150.5,0.12448182,0.16085964,0.1347759,0.049631806,0.61334584,0.64511263,0.72263429,0.72263429,3.4325805,0.85814512
thick_slow,151,0.12392509,0.16020346,0.13417219,0.049362047,0.613172,0.64474151,0.7212816,0.7212816,3.4271093,0.85677732
thick_slow,151.5,0.12337137,0.15955026,0.13357167,0.049094402,0.6129921,0.64436422,0.71992761,0.71992761,3.4215876,0.85539689
thick_slow,152,0.12282065,0.15889999,0.13297432,0.048828846,0.6128062,0.64398083,0.71857238,0.71857238,3.4160161,0.85400403
thick_slow,152.5,0.12227291,0.15825264,0.1323801,0.048565354,0.61261436,0.64359141,0.71721597,0.71721597,3.4103958,0.85259895
thick_slow,153,0.12172812,0.1576082,0.13178901,0.048303904,0.61241664,0.64319601,0.71585844,0.71585844,3.4047274,0.85118184
thick_slow,153.5,0.12118626,0.15696664,0.13120101,0.048044471,0.61221309,0.6427947,0.71449985,0.71449985,3.3990116,0.8497529
thick_slow,154,0.12064731,0.15632794,0.1306161,0.047787032,0.61200376,0.64238755,0.71314026,0.71314026,3.3932493,0.84831233
thick_slow,154.5,0.12011124,0.15569209,0.13003423,0.047531564,0.61178872,0.64197462,0.71177973,0.71177973,3.3874412,0.84686031
thick_slow,155,0.11957803,0.15505907,0.12945541,0.047278045,0.61156801,0.64155596,0.71041831,0.71041831,3.3815882,0.84539704
thick_slow,155.5,0.11904767,0.15442885,0.1288796,0.047026453,0.6113417,0.64113164,0.70905605,0.70905605,3.3756908,0.84392271
thick_slow,156,0.11852012,0.15380143,0.12830678,0.046776766,0.61110983,0.64070172,0.70769302,0.70769302,3.36975,0.8424375
thick_slow,156.5,0.11799537,0.15317678,0.12773693,0.046528962,0.61087245,0.64026626,0.70632925,0.70632925,3.3637664,0.8409416
thick_slow,157,0.11747339,0.15255488,0.12717003,0.04628302,0.61062963,0.63982531,0.70496482,0.70496482,3.3577408,0.8394352
thick_slow,157.5,0.11695418,0.15193573,0.12660607,0.046038919,0.6103814,0.63937894,0.70359975,0.70359975,3.3516739,0.83791846
thick_slow,158,0.11643769,0.15131929,0.12604502,0.04579664,0.61012782,0.63892721,0.70223412,0.70223412,3.3455663,0.83639158
thick_slow,158.5,0.11592393,0.15070556,0.12548686,0.045556161,0.60986894,0.63847017,0.70086796,0.70086796,3.3394189,0.83485472
thick_slow,159,0.11541285,0.15009451,0.12493157,0.045317462,0.60960482,0.63800787,0.69950133,0.69950133,3.3332323,0.83330807
thick_slow,159.5,0.11490445,0.14948614,0.12437914,0.045080525,0.60933549,0.63754038,0.69813427,0.69813427,3.3270071,0.83175178
thick_slow,160,0.11439871,0.14888042,0.12382954,0.044845329,0.60906101,0.63706775,0.69676683,0.69676683,3.3207442,0.83018605
thick_slow,160.5,0.1138956,0.14827733,0.12328276,0.044611856,0.60878143,0.63659003,0.69539906,0.69539906,3.3144441,0.82861102
thick_slow,161,0.11339511,0.14767687,0.12273877,0.044380087,0.60849679,0.63610729,0.694031,0.694031,3.3081075,0.82702688
thick_slow,161.5,0.11289722,0.14707901,0.12219756,0.044150003,0.60820714,0.63561956,0.69266269,0.69266269,3.3017352,0.82543379
thick_slow,162,0.1124019,0.14648375,0.12165911,0.043921586,0.60791253,0.63512692,0.69129419,0.69129419,3.2953276,0.8238319
thick_slow,162.5,0.11190915,0.14589106,0.1211234,0.043694818,0.60761301,0.63462941,0.68992553,0.68992553,3.2888855,0.82222139
thick_slow,163,0.11141893,0.14530092,0.12059041,0.043469682,0.60730861,0.63412708,0.68855675,0.68855675,3.2824096,0.8206024
thick_slow,163.5,0.11093124,0.14471334,0.12006013,0.04324616,0.60699939,0.63361999,0.6871879,0.6871879,3.2759004,0.81897511
thick_slow,164,0.11044606,0.14412828,0.11953253,0.043024234,0.60668539,0.63310818,0.68581903,0.68581903,3.2693586,0.81733966
thick_slow,164.5,0.10996336,0.14354573,0.11900761,0.042803888,0.60636665,0.63259171,0.68445016,0.68445016,3.2627848,0.81569621
thick_slow,165,0.10948313,0.14296569,0.11848533,0.042585105,0.60604321,0.63207064,0.68308134,0.68308134,3.2561796,0.81404491
thick_slow,165.5,0.10900535,0.14238813,0.11796569,0.042367868,0.60571513,0.631545,0.6817126,0.6817126,3.2495437,0.81238591
thick_slow,166,0.10853001,0.14181304,0.11744867,0.042152162,0.60538245,0.63101485,0.680344,0.680344,3.2428775,0.81071937
thick_slow,166.5,0.10805708,0.1412404,0.11693425,0.04193797,0.60504519,0.63048025,0.67897556,0.67897556,3.2361817,0.80904543
thick_slow,167,0.10758656,0.14067021,0.11642241,0.041725276,0.60470342,0.62994123,0.67760731,0.67760731,3.2294569,0.80736424
thick_slow,167.5,0.10711842,0.14010245,0.11591314,0.041514065,0.60435717,0.62939784,0.67623931,0.67623931,3.2227037,0.80567593
thick_slow,168,0.10665264,0.1395371,0.11540641,0.041304322,0.60400647,0.62885014,0.67487158,0.67487158,3.2159227,0.80398066
thick_slow,168.5,0.10618922,0.13897416,0.11490223,0.041096031,0.60365138,0.62829818,0.67350416,0.67350416,3.2091143,0.80227857
thick_slow,169,0.10572813,0.1384136,0.11440056,0.040889177,0.60329193,0.62774199,0.67213708,0.67213708,3.2022792,0.80056979
thick_slow,169.5,0.10526936,0.13785541,0.11390139,0.040683746,0.60292817,0.62718163,0.67077038,0.67077038,3.1954179,0.79885447
thick_slow,170,0.1048129,0.13729959,0.1134047,0.040479723,0.60256012,0.62661714,0.66940409,0.66940409,3.1885309,0.79713274
thick_slow,170.5,0.10435872,0.13674612,0.11291049,0.040277095,0.60218783,0.62604857,0.66803824,0.66803824,3.1816189,0.79540473
thick_slow,171,0.10390681,0.13619498,0.11241873,0.040075845,0.60181135,0.62547596,0.66667287,0.66667287,3.1746823,0.79367058
thick_slow,171.5,0.10345716,0.13564616,0.11192941,0.039875962,0.6014307,0.62489936,0.66530801,0.66530801,3.1677217,0.79193042
thick_slow,172,0.10300974,0.13509965,0.11144251,0.03967743,0.60104593,0.62431882,0.66394369,0.66394369,3.1607375,0.79018438
thick_slow,172.5,0.10256456,0.13455545,0.11095802,0.039480238,0.60065707,0.62373437,0.66257993,0.66257993,3.1537304,0.7884326
thick_slow,173,0.10212158,0.13401352,0.11047592,0.03928437,0.60026416,0.62314606,0.66121678,0.66121678,3.1467008,0.78667519
thick_slow,173.5,0.1016808,0.13347387,0.1099962,0.039089814,0.59986724,0.62255394,0.65985425,0.65986382,3.1396492,0.78491229
thick_slow,174,0.1012422,0.13293648,0.10951884,0.038896557,0.59946634,0.62195805,0.65849239,0.65853635,3.1325761,0.78314401
thick_slow,174.5,0.10080577,0.13240133,0.10904383,0.038704586,0.59906151,0.62135843,0.65713121,0.65720927,3.125482,0.7813705
thick_slow,175,0.10037149,0.13186843,0.10857115,0.038513888,0.59865277,0.62075512,0.65577075,0.6558826,3.1183674,0.77959185
thick_slow,175.5,0.099939342,0.13133775,0.10810079,0.038324451,0.59824017,0.62014816,0.65441104,0.65455639,3.1112328,0.7778082
thick_slow,176,0.099509322,0.13080928,0.10763273,0.038136263,0.59782373,0.61953761,0.65305209,0.65323065,3.1040787,0.77601967
thick_slow,176.5,0.099081412,0.13028301,0.10716697,0.037949311,0.59740349,0.61892349,0.65169394,0.65191752,3.0969055,0.77422637
thick_slow,177,0.098655598,0.12975893,0.10670348,0.037763584,0.59697949,0.61830585,0.65033662,0.65062533,3.0897137,0.77242842
thick_slow,177.5,0.098231866,0.12923703,0.10624225,0.037579069,0.59655177,0.61768473,0.64898015,0.64933344,3.0825038,0.77062594
thick_slow,178,0.097810203,0.1287173,0.10578327,0.037395754,0.59612034,0.61706017,0.64762455,0.64804187,3.0752761,0.76881903
thick_slow,178.5,0.097390594,0.12819973,0.10532653,0.03721363,0.59568526,0.6164322,0.64626985,0.64675064,3.0680313,0.76700782
thick_slow,179,0.096973028,0.1276843,0.104872,0.037032683,0.59524655,0.61580088,0.64491608,0.64545979,3.0607697,0.76519242
thick_slow,179.5,0.09655749,0.127171,0.10441968,0.036852903,0.59480424,0.61516623,0.64356326,0.64418837,3.0534917,0.76337292
thick_slow,180,0.096143967,0.12665983,0.10396956,0.036674278,0.59435838,0.6145283,0.64221141,0.64292909,3.0461978,0.76154945
thick_slow,180.5,0.095732448,0.12615077,0.10352161,0.036496798,0.59390898,0.61388713,0.64086056,0.64167002,3.0388885,0.75972211
thick_slow,181,0.095322918,0.12564381,0.10307583,0.036320452,0.59345608,0.61324275,0.63951073,0.64041119,3.0315641,0.75789101
thick_slow,181.5,0.094915365,0.12513895,0.1026322,0.036145229,0.59299972,0.6125952,0.63816194,0.63915262,3.024225,0.75605625
thick_slow,182,0.094509777,0.12463616,0.10219072,0.035971118,0.59253993,0.61194452,0.63681421,0.63789466,3.0168718,0.75421794
thick_slow,182.5,0.094106141,0.12413545,0.10175136,0.03579811,0.59207674,0.61129074,0.63546758,0.63666601,3.0095047,0.75237618
thick_slow,183,0.093704445,0.12363679,0.10131412,0.035626194,0.59161017,0.6106339,0.63412205,0.63543746,3.0021243,0.75053107
thick_slow,183.5,0.093304676,0.12314019,0.10087898,0.03545536,0.59114026,0.60997405,0.63277765,0.63420905,2.9947309,0.74868272
thick_slow,184,0.092906823,0.12264563,0.10044593,0.035285597,0.59066704,0.60931121,0.63143439,0.63298082,2.9873248,0.74683121
thick_slow,184.5,0.092510873,0.12215309,0.10001495,0.035116897,0.59019055,0.60864542,0.63009231,0.63175277,2.9799066,0.74497666
thick_slow,185,0.092116815,0.12166258,0.09958604,0.034949248,0.5897108,0.60797671,0.62875142,0.63054046,2.9724766,0.74311915
thick_slow,185.5,0.091724636,0.12117408,0.099159181,0.034782642,0.58922783,0.60730513,0.62741174,0.62934059,2.9650351,0.74125879
thick_slow,186,0.091334326,0.12068758,0.098734362,0.03461707,0.58874167,0.6066307,0.62607329,0.62814079,2.9575827,0.73939566
thick_slow,186.5,0.090945872,0.12020307,0.098311571,0.034452521,0.58825235,0.60595346,0.62473608,0.62694106,2.9501195,0.73752987
thick_slow,187,0.090559264,0.11972054,0.097890796,0.034288986,0.5877599,0.60527345,0.62340015,0.62574145,2.942646,0.7356615
thick_slow,187.5,0.090174489,0.11923998,0.097472025,0.034126457,0.58726435,0.6045907,0.6220655,0.62454861,2.9351626,0.73379066
thick_slow,188,0.089791536,0.11876138,0.097055245,0.033964924,0.58676572,0.60390524,0.62073215,0.62337571,2.9276697,0.73191741
thick_slow,188.5,0.089410395,0.11828474,0.096640446,0.033804378,0.58626404,0.60321711,0.61940012,0.6222028,2.9201675,0.73004187
thick_slow,189,0.089031054,0.11781004,0.096227615,0.033644811,0.58575934,0.60252634,0.61806943,0.6210299,2.9126565,0.72816412
thick_slow,189.5,0.088653502,0.11733728,0.095816741,0.033486214,0.58525166,0.60183296,0.61674009,0.61985705,2.9051369,0.72628423
thick_slow,190,0.088277729,0.11686644,0.095407812,0.033328578,0.58474101,0.601137,0.61541213,0.61868649,2.8976092,0.72440231
thick_slow,190.5,0.087903724,0.11639752,0.095000818,0.033171894,0.58422742,0.6004385,0.61408556,0.61753896,2.8900737,0.72251843
thick_slow,191,0.087531475,0.11593051,0.094595746,0.033016155,0.58371093,0.5997375,0.61276039,0.61639137,2.8825308,0.72063269
thick_slow,191.5,0.087160973,0.11546539,0.094192587,0.032861351,0.58319155,0.59903401,0.61143664,0.61524373,2.8749806,0.71874516
thick_slow,192,0.086792207,0.11500217,0.093791327,0.032707476,0.58266932,0.59832807,0.61011433,0.61409607,2.8674237,0.71685593
thick_slow,192.5,0.086425166,0.11454082,0.093391957,0.03255452,0.58214426,0.59761972,0.60879346,0.6129501,2.8598603,0.71496507
thick_slow,193,0.086059841,0.11408135,0.092994466,0.032402476,0.58161639,0.59690899,0.60747407,0.61182646,2.8522907,0.71307268
thick_slow,193.5,0.085696221,0.11362374,0.092598842,0.032251336,0.58108575,0.5961959,0.60615616,0.6107027,2.8447153,0.71117882
thick_slow,194,0.085334296,0.11316799,0.092205075,0.032101092,0.58055236,0.59548048,0.60483974,0.60957885,2.8371343,0.70928359
thick_slow,194.5,0.084974055,0.11271408,0.091813154,0.031951736,0.58001625,0.59476278,0.60352483,0.60845493,2.8295482,0.70738705
thick_slow,195,0.08461549,0.11226202,0.091423068,0.031803261,0.57947743,0.5940428,0.60221145,0.60733536,2.8219571,0.70548928
thick_slow,195.5,0.08425859,0.11181178,0.091034808,0.031655659,0.57893595,0.5933206,0.60089961,0.60623423,2.8143615,0.70359036
thick_slow,196,0.083903345,0.11136336,0.090648362,0.031508923,0.57839181,0.59259619,0.59958932,0.60513294,2.8067615,0.70169037
thick_slow,196.5,0.083549746,0.11091676,0.090263721,0.031363045,0.57784505,0.5918696,0.59828059,0.60403151,2.7991575,0.69978938
thick_slow,197,0.083197782,0.11047196,0.089880873,0.031218018,0.57729568,0.59114087,0.59697344,0.60292997,2.7915498,0.69788746
thick_slow,197.5,0.082847445,0.11002896,0.089499808,0.031073836,0.57674375,0.59041002,0.59566788,0.60183821,2.7839387,0.69598468
thick_slow,198,0.082498726,0.10958774,0.089120518,0.03093049,0.57618926,0.58967708,0.59436392,0.60075829,2.7763245,0.69408113
thick_slow,198.5,0.082151613,0.10914831,0.08874299,0.030787974,0.57563224,0.58894208,0.59306158,0.59967817,2.7687074,0.69217686
thick_slow,199,0.0818061,0.10871065,0.088367216,0.030646281,0.57507273,0.58820504,0.59176087,0.59859789,2.7610878,0.69027195
thick_slow,199.5,0.081462175,0.10827476,0.087993186,0.030505404,0.57451073,0.587466,0.5904618,0.59751747,2.7534658,0.68836646
thick_slow,200,0.08111983,0.10784062,0.087620889,0.030365336,0.57394628,0.58672499,0.58916437,0.59645455,2.7458419,0.68646047
thick_slow,200.5,0.080779057,0.10740824,0.087250316,0.030226071,0.5733794,0.58598202,0.58786861,0.59539464,2.7382162,0.68455405
thick_slow,201,0.080439845,0.10697759,0.086881457,0.030087602,0.5728101,0.58523713,0.58657453,0.59433451,2.730589,0.68264726
thick_slow,201.5,0.080102186,0.10654868,0.086514303,0.029949923,0.57223843,0.58449034,0.58528213,0.59327419,2.7229606,0.68074016
thick_slow,202,0.079766072,0.1061215,0.086148844,0.029813026,0.57166439,0.58374168,0.58399142,0.59222108,2.7153313,0.67883282
thick_slow,202.5,0.079431493,0.10569603,0.08578507,0.029676907,0.571088,0.58299117,0.58270242,0.59118032,2.7077012,0.67692531
thick_slow,203,0.07909844,0.10527227,0.085422972,0.029541557,0.57050931,0.58223885,0.58141514,0.5901393,2.7000708,0.67501769
thick_slow,203.5,0.078766906,0.10485022,0.085062541,0.029406972,0.56992831,0.58148474,0.58012958,0.58909804,2.6924401,0.67311002
thick_slow,204,0.078436881,0.10442987,0.084703767,0.029273145,0.56934505,0.58072886,0.57884576,0.58805702,2.6848095,0.67120237
thick_slow,204.5,0.078108357,0.1040112,0.084346642,0.029140069,0.56875953,0.57997124,0.57756369,0.58703441,2.6771792,0.66929479
thick_slow,205,0.077781326,0.10359422,0.083991156,0.02900774,0.56817178,0.5792119,0.57628337,0.5860115,2.6695494,0.66738735
thick_slow,205.5,0.07745578,0.10317891,0.083637299,0.02887615,0.56758183,0.57845088,0.57500482,0.58498831,2.6619204,0.6654801
thick_slow,206,0.077131709,0.10276526,0.083285064,0.028745294,0.56698969,0.57768819,0.57372804,0.58396487,2.6542925,0.66357311
thick_slow,206.5,0.076809106,0.10235328,0.082934441,0.028615166,0.56639539,0.57692385,0.57245304,0.58295589,2.6466658,0.66166644
thick_slow,207,0.076487962,0.10194295,0.08258542,0.028485761,0.56579894,0.57615791,0.57117984,0.58195015,2.6390406,0.65976014
thick_slow,207.5,0.07616827,0.10153427,0.082237995,0.028357072,0.56520037,0.57539036,0.56990844,0.5809441,2.6314171,0.65785426
thick_slow,208,0.075850021,0.10112722,0.081892154,0.028229094,0.56459971,0.57462126,0.56863885,0.57993776,2.6237955,0.65594888
thick_slow,208.5,0.075533208,0.10072181,0.081547891,0.028101822,0.56399696,0.5738506,0.56737108,0.57894356,2.6161761,0.65404403
thick_slow,209,0.075217823,0.10031802,0.081205196,0.02797525,0.56339215,0.57307843,0.56610513,0.5779541,2.6085591,0.65213978
thick_slow,209.5,0.074903857,0.099915845,0.080864061,0.027849372,0.5627853,0.57230476,0.56484102,0.57696429,2.6009447,0.65023618
thick_slow,210,0.074591304,0.099515284,0.080524477,0.027724183,0.56217644,0.57152961,0.56357874,0.57597417,2.5933331,0.64833328
thick_slow,210.5,0.074280154,0.099116327,0.080186435,0.027599678,0.56156558,0.57075301,0.56231832,0.57499607,2.5857246,0.64643114
thick_slow,211,0.073970402,0.098718967,0.079849928,0.027475852,0.56095274,0.56997499,0.56105976,0.57402204,2.5781193,0.64452981
thick_slow,211.5,0.073662038,0.098323198,0.079514947,0.027352699,0.56033794,0.56919556,0.55980306,0.57304764,2.5705174,0.64262934
thick_slow,212,0.073355055,0.097929013,0.079181484,0.027230214,0.5597212,0.56841474,0.55854823,0.57207291,2.5629191,0.64072979
thick_slow,212.5,0.073049447,0.097536405,0.07884953,0.027108392,0.55910255,0.56763257,0.55729528,0.57111194,2.5553248,0.63883119
thick_slow,213,0.072745205,0.097145367,0.078519078,0.026987228,0.558482,0.56684906,0.55604422,0.57015254,2.5477344,0.63693361
thick_slow,213.5,0.072442323,0.096755894,0.078190119,0.026866717,0.55785956,0.56606423,0.55479505,0.56919275,2.5401483,0.63503709
thick_slow,214,0.072140792,0.096367977,0.077862645,0.026746854,0.55723527,0.5652781,0.55354777,0.56823473,2.5325667,0.63314167
thick_slow,214.5,0.071840606,0.095981612,0.077536649,0.026627634,0.55660914,0.5644907,0.55230241,0.56728961,2.5249897,0.63124742
thick_slow,215,0.071541757,0.09559679,0.077212122,0.026509053,0.55598119,0.56370205,0.55105895,0.56634406,2.5174175,0.62935437
thick_slow,215.5,0.071244238,0.095213507,0.076889056,0.026391105,0.55535143,0.56291217,0.54981741,0.56539812,2.5098503,0.62746257
thick_slow,216,0.070948043,0.094831755,0.076567445,0.026273786,0.55471989,0.56212108,0.5485778,0.56445936,2.5022883,0.62557207
thick_slow,216.5,0.070653163,0.094451529,0.076247279,0.026157091,0.55408658,0.5613288,0.54734011,0.56352738,2.4947316,0.62368291
thick_slow,217,0.070359593,0.094072821,0.075928551,0.026041015,0.55345153,0.56053535,0.54610437,0.56259498,2.4871806,0.62179514
thick_slow,217.5,0.070067325,0.093695626,0.075611254,0.025925555,0.55281475,0.55974075,0.54487056,0.56166216,2.4796352,0.6199088
thick_slow,218,0.069776352,0.093319937,0.07529538,0.025810704,0.55217626,0.55894503,0.5436387,0.56074304,2.4720958,0.61802394
thick_slow,218.5,0.069486668,0.092945748,0.074980922,0.02569646,0.55153608,0.55814819,0.54240879,0.55982352,2.4645624,0.6161406
thick_slow,219,0.069198265,0.092573052,0.074667871,0.025582817,0.55089423,0.55735027,0.54118084,0.55890357,2.4570353,0.61425882
thick_slow,219.5,0.068911137,0.092201845,0.074356221,0.025469771,0.55025072,0.55655129,0.53995485,0.55799119,2.4495146,0.61237864
thick_slow,220,0.068625278,0.091832119,0.074045964,0.025357318,0.54960557,0.55575125,0.53873083,0.55708394,2.4420004,0.61050011
thick_slow,220.5,0.06834068,0.091463868,0.073737093,0.025245454,0.5489588,0.55495018,0.53750878,0.55617622,2.4344931,0.60862326
thick_slow,221,0.068057336,0.091097087,0.0734296,0.025134173,0.54831043,0.55414811,0.5362887,0.55527184,2.4269926,0.60674815
thick_slow,221.5,0.067775242,0.090731769,0.073123479,0.025023473,0.54766047,0.55334505,0.53507061,0.55437624,2.4194992,0.6048748
thick_slow,222,0.067494389,0.090367909,0.072818722,0.024913348,0.54700895,0.55254101,0.53385451,0.55348016,2.412013,0.60300325
thick_slow,222.5,0.067214772,0.0900055,0.072515321,0.024803795,0.54635588,0.55173602,0.53264039,0.55258481,2.4045342,0.60113355
thick_slow,223,0.066936383,0.089644536,0.072213271,0.024694809,0.54570128,0.5509301,0.53142827,0.55170029,2.397063,0.59926574
thick_slow,223.5,0.066659218,0.089285012,0.071912563,0.024586387,0.54504515,0.55012326,0.53021815,0.55081527,2.3895994,0.59739984
thick_slow,224,0.066383269,0.088926922,0.071613191,0.024478525,0.54438753,0.54931553,0.52901003,0.54992982,2.3821436,0.59553591
thick_slow,224.5,0.06610853,0.08857026,0.071315148,0.024371218,0.54372843,0.54850692,0.52780392,0.54905583,2.3746959,0.59367397
thick_slow,225,0.065834994,0.088215019,0.071018427,0.024264462,0.54306787,0.54769745,0.52659982,0.54818132,2.3672563,0.59181407
thick_slow,225.5,0.065562657,0.087861195,0.070723021,0.024158255,0.54240585,0.54688713,0.52539774,0.54730647,2.3598249,0.58995623
thick_slow,226,0.065291511,0.087508782,0.070428923,0.024052591,0.5417424,0.54607599,0.52419767,0.54644246,2.352402,0.58810049
thick_slow,226.5,0.065021551,0.087157773,0.070136127,0.023947467,0.54107754,0.54526404,0.52299962,0.54557792,2.3449876,0.58624689
thick_slow,227,0.06475277,0.086808163,0.069844626,0.02384288,0.54041128,0.54445131,0.5218036,0.54471424,2.3375819,0.58439547
thick_slow,227.5,0.064485162,0.086459947,0.069554412,0.023738825,0.53974363,0.5436378,0.52060961,0.54385969,2.330185,0.58254625
thick_slow,228,0.064218722,0.086113118,0.069265481,0.023635299,0.53907462,0.54282353,0.51941765,0.54300461,2.3227971,0.58069928
thick_slow,228.5,0.063953443,0.085767672,0.068977824,0.023532299,0.53840425,0.54200853,0.51822773,0.54215251,2.3154183,0.57885457
thick_slow,229,0.06368932,0.085423602,0.068691436,0.02342982,0.53773256,0.5411928,0.51703984,0.54130694,2.3080487,0.57701218
thick_slow,229.5,0.063426347,0.085080904,0.068406309,0.023327859,0.53705954,0.54037637,0.51585399,0.54046082,2.3006885,0.57517212
thick_slow,230,0.063164518,0.084739571,0.068122438,0.023226413,0.53638522,0.53955926,0.51467019,0.5396206,2.2933377,0.57333443
thick_slow,230.5,0.062903827,0.084399598,0.067839816,0.023125477,0.53570961,0.53874147,0.51348844,0.53878351,2.2859965,0.57149914
thick_slow,231,0.062644268,0.084060979,0.067558437,0.023025049,0.53503273,0.53792302,0.51230873,0.5379462,2.2786651,0.56966628
thick_slow,231.5,0.062385837,0.08372371,0.067278294,0.022925126,0.53435459,0.53710394,0.51113107,0.53711771,2.2713435,0.56783588
thick_slow,232,0.062128526,0.083387784,0.066999381,0.022825703,0.53367521,0.53628423,0.50995547,0.53628865,2.2640319,0.56600798
thick_slow,232.5,0.061872331,0.083053197,0.066721691,0.022726777,0.5329946,0.53546392,0.50878193,0.53546392,2.2567304,0.5641826
thick_slow,233,0.061617246,0.082719942,0.06644522,0.022628345,0.53231279,0.53464302,0.50761045,0.53464302,2.2494391,0.56235977
thick_slow,233.5,0.061363265,0.082388015,0.06616996,0.022530404,0.53162978,0.53382154,0.50644102,0.53382251,2.2421581,0.56053952
thick_slow,234,0.061110383,0.082057411,0.065895905,0.02243295,0.53094558,0.5329995,0.50527366,0.53300935,2.2348875,0.55872187
thick_slow,234.5,0.060858594,0.081728123,0.065623049,0.02233598,0.53026022,0.53217691,0.50410837,0.5321956,2.2276275,0.55690686
thick_slow,235,0.060607894,0.081400147,0.065351387,0.022239491,0.52957371,0.5313538,0.50294514,0.53138793,2.2203781,0.55509452
thick_slow,235.5,0.060358276,0.081073478,0.065080912,0.02214348,0.52888606,0.53053017,0.50178398,0.5305815,2.2131395,0.55328486
thick_slow,236,0.060109736,0.080748109,0.064811618,0.022047943,0.52819729,0.52970604,0.5006249,0.52977894,2.2059117,0.55147793
thick_slow,236.5,0.059862267,0.080424037,0.064543499,0.021952878,0.52750742,0.52888143,0.49946789,0.52897944,2.1986949,0.54967373
thick_slow,237,0.059615865,0.080101256,0.06427655,0.021858281,0.52681645,0.52805635,0.49831295,0.52818245,2.1914892,0.5478723
thick_slow,237.5,0.059370525,0.07977976,0.064010764,0.021764149,0.5261244,0.52723081,0.49716009,0.5273895,2.1842947,0.54607367
thick_slow,238,0.059126241,0.079459545,0.063746136,0.021670479,0.52543129,0.52640484,0.4960093,0.52659845,2.1771114,0.54427786
thick_slow,238.5,0.058883008,0.079140606,0.06348266,0.021577269,0.52473712,0.52557843,0.4948606,0.52581169,2.1699396,0.54248489
thick_slow,239,0.05864082,0.078822937,0.063220331,0.021484515,0.52404192,0.52475162,0.49371398,0.52502686,2.1627791,0.54069479
thick_slow,239.5,0.058399674,0.078506533,0.062959141,0.021392214,0.5233457,0.52392441,0.49256944,0.52424591,2.1556303,0.53890758
thick_slow,240,0.058159563,0.07819139,0.062699087,0.021300363,0.52264847,0.52309681,0.49142698,0.52346751,2.1484931,0.53712329
thick_fast,0,1,1,1,1,0,0,0,0,0,0
thick_fast,0.5,0.9658601,0.99725718,0.98145157,0.8684785,1.8373144e-07,1.3316784e-06,8.995152e-06,8.995152e-06,1.0745579e-07,2.6863948e-08
thick_fast,1,0.93447533,0.98244098,0.95228572,0.81240173,8.8935533e-07,1.9182428e-06,1.819253e-05,1.819253e-05,1.2933963e-07,3.2334908e-08
thick_fast,1.5,0.90489844,0.96073047,0.92406644,0.76923072,1.4285425e-06,2.2135053e-06,5.9289653e-05,5.9289653e-05,2.6813268e-07,6.703317e-08
thick_fast,2,0.87681354,0.93700308,0.89708467,0.73178915,1.768151e-06,2.5338722e-06,0.00022868873,0.00022868873,9.0127453e-07,2.2531863e-07
thick_fast,2.5,0.85006568,0.91314666,0.87131334,0.69744995,2.0291765e-06,3.0771461e-06,0.00098473835,0.00098473835,4.7207301e-06,1.1801825e-06
thick_fast,3,0.82456314,0.88986781,0.84672191,0.66512319,2.3295512e-06,4.1812908e-06,0.0043567268,0.0043567268,3.4040374e-05,8.5100936e-06
thick_fast,3.5,0.80024124,0.86742877,0.82327338,0.63432887,2.8154815e-06,6.5090634e-06,0.016349132,0.016349132,0.00024161948,6.0404869e-05
thick_fast,4,0.77704748,0.84591606,0.80092617,0.60484281,3.7188932e-06,1.1396275e-05,0.044954141,0.044954141,0.0012318704,0.0003079676
thick_fast,4.5,0.75493528,0.82534337,0.77963653,0.57655339,5.4454735e-06,2.1588347e-05,0.09132135,0.09132135,0.0042523836,0.0010630959
thick_fast,5,0.73386104,0.80569315,0.75935991,0.54940104,8.7276852e-06,4.2876258e-05,0.14850729,0.14850729,0.010770867,0.0026927167
thick_fast,5.5,0.71378289,0.78693427,0.74005171,0.52335151,1.4911101e-05,8.7844597e-05,0.20859556,0.20859556,0.021917823,0.0054794558
thick_fast,6,0.69465991,0.76902987,0.72166767,0.49838332,2.6514335e-05,0.00018451351,0.26691223,0.26691223,0.038314673,0.0095786682
thick_fast,6.5,0.67645187,0.75194099,0.70416408,0.47448158,4.8354702e-05,0.00039563167,0.32174623,0.32174623,0.060176007,0.015044002
thick_fast,7,0.65911901,0.73562831,0.68749795,0.45163456,8.9839311e-05,0.00085780124,0.37289322,0.37289322,0.08745676,0.02186419
thick_fast,7.5,0.64262201,0.72005304,0.67162717,0.42983158,0.00016959587,0.0018458884,0.42066371,0.42066371,0.11995935,0.029989837
thick_fast,8,0.62692192,0.70517736,0.65651062,0.40906159,0.00032451259,0.0038396738,0.46544368,0.46544368,0.15740088,0.03935022
thick_fast,8.5,0.61198025,0.69096467,0.64210825,0.38931208,0.00062605945,0.0075172104,0.50755404,0.50755404,0.19945695,0.049864238
thick_fast,9,0.59775903,0.67737974,0.62838126,0.37056816,0.0012056538,0.013599028,0.54723006,0.54723006,0.24579378,0.061448446
thick_fast,9.5,0.58422089,0.66438878,0.61529212,0.35281196,0.0022841218,0.022592511,0.58463808,0.58463808,0.29609413,0.074023533
thick_fast,10,0.57132921,0.65195946,0.60280472,0.33602213,0.0041866038,0.034607154,0.61989795,0.61989795,0.35007731,0.087519329
thick_fast,10.5,0.55904824,0.64006094,0.59088442,0.3201736,0.0073148748,0.049350901,0.65310187,0.65310187,0.40750881,0.1018772
thick_fast,11,0.54734324,0.62866385,0.5794981,0.30523758,0.01206589,0.066265571,0.68432783,0.68432783,0.46819293,0.11704823
thick_fast,11.5,0.53618063,0.61774032,0.56861419,0.29118168,0.018726723,0.084695259,0.71364833,0.71364833,0.53194744,0.13298686
thick_fast,12,0.52552811,0.6072639,0.55820275,0.27797036,0.027399984,0.10401533,0.7411355,0.7411355,0.59857002,0.1496425
thick_fast,12.5,0.51535477,0.59720956,0.54823539,0.26556543,0.037992046,0.12370247,0.76686378,0.76686378,0.66781245,0.16695311
thick_fast,13,0.50563116,0.58755366,0.53868536,0.2539267,0.050255407,0.14335677,0.79091081,0.79091081,0.7393728,0.1848432
thick_fast,13.5,0.49632938,0.57827387,0.52952745,0.24301267,0.063854615,0.16269495,0.8133573,0.8133573,0.8129052,0.2032263
thick_fast,14,0.48742309,0.56934918,0.52073799,0.23278127,0.078428548,0.18153053,0.83428622,0.83428622,0.88803958,0.2220099
thick_fast,14.5,0.47888754,0.5607598,0.51229478,0.22319049,0.093635462,0.19975112,0.85378178,0.85378178,0.96440337,0.24110084
thick_fast,15,0.47069952,0.55248711,0.50417708,0.21419897,0.1091787,0.21729785,0.87192814,0.87192814,1.0416396,0.26040991
thick_fast,15.5,0.46283739,0.54451363,0.49636549,0.20576653,0.12481677,0.2341487,0.8888084,0.8888084,1.1194196,0.2798549
thick_fast,16,0.45528095,0.53682297,0.48884191,0.1978545,0.14036318,0.25030592,0.90450354,0.90450354,1.1974496,0.2993624
thick_fast,16.5,0.44801142,0.52939973,0.48158949,0.19042607,0.15568057,0.265787,0.91909167,0.91909167,1.2754733,0.31886834
thick_fast,17,0.44101138,0.52222948,0.47459252,0.18344645,0.17067259,0.28061839,0.93264747,0.93264747,1.3532715,0.33831787
thick_fast,17.5,0.43426465,0.51529871,0.46783637,0.17688297,0.18527548,0.29483129,0.94524172,0.94524172,1.4306587,0.35766469
thick_fast,18,0.42775625,0.50859475,0.46130743,0.17070515,0.19945044,0.30845886,0.95694112,0.95694112,1.5074807,0.37687017
thick_fast,18.5,0.42147229,0.50210573,0.45499303,0.16488465,0.21317717,0.32153444,0.96780817,0.96780817,1.5836096,0.39590241
thick_fast,19,0.41539989,0.49582053,0.44888139,0.15939524,0.22644876,0.3340905,0.97790118,0.97790118,1.6589411,0.41473527
thick_fast,19.5,0.40952714,0.48972873,0.44296153,0.15421269,0.23926768,0.34615804,0.98727437,0.98727437,1.7333901,0.43334753
thick_fast,20,0.40384298,0.48382058,0.43722323,0.14931467,0.25164276,0.35776622,0.99597802,0.99597802,1.8068883,0.45172208
thick_fast,20.5,0.39833715,0.47808693,0.43165697,0.14468064,0.26358696,0.36894224,1.0040587,1.0040587,1.8793813,0.46984532
thick_fast,21,0.39300014,0.47251921,0.42625387,0.14029175,0.2751158,0.3797114,1.0115593,1.0115593,1.950826,0.48770651
thick_fast,21.5,0.3878231,0.46710936,0.42100566,0.13613064,0.28624618,0.39009705,1.0185195,1.0185195,2.0211894,0.50529736
thick_fast,22,0.38279783,0.46184985,0.4159046,0.13218141,0.29699556,0.4001208,1.0249761,1.0249761,2.0904463,0.52261157
thick_fast,22.5,0.37791665,0.4567336,0.41094348,0.12842944,0.30738146,0.40980254,1.0309627,1.0309627,2.1585782,0.53964454
thick_fast,23,0.37317247,0.45175394,0.40611555,0.12486132,0.31742104,0.41916067,1.0365105,1.0365105,2.2255723,0.55639307
thick_fast,23.5,0.36855861,0.44690463,0.40141449,0.12146472,0.32713091,0.42821215,1.0416481,1.0416481,2.2914205,0.57285513
thick_fast,24,0.3640689,0.44217978,0.3968344,0.11822831,0.33652695,0.43697265,1.0464022,1.0464022,2.3561187,0.58902967
thick_fast,24.5,0.35969752,0.43757387,0.39236973,0.11514166,0.34562427,0.44545668,1.0507972,1.0507972,2.4196658,0.60491645
thick_fast,25,0.35543906,0.43308169,0.38801529,0.11219519,0.35443714,0.45367767,1.0548556,1.0548556,2.4820637,0.62051593
thick_fast,25.5,0.35128844,0.42869833,0.38376621,0.10938004,0.36297902,0.46164808,1.0585984,1.0585984,2.5433166,0.63582915
thick_fast,26,0.3472409,0.42441917,0.37961789,0.10668806,0.37126255,0.46937949,1.0620448,1.0620448,2.6034304,0.6508576
thick_fast,26.5,0.34329197,0.42023984,0.37556603,0.10411173,0.37929962,0.47688268,1.0652129,1.0652129,2.6624129,0.66560322
thick_fast,27,0.33943746,0.41615623,0.37160657,0.10164409,0.38710136,0.48416769,1.0681192,1.0681192,2.7202729,0.68006823
thick_fast,27.5,0.33567342,0.41216444,0.36773568,0.09927871,0.39467822,0.49124391,1.070779,1.070779,2.7770207,0.69425518
thick_fast,28,0.33199614,0.4082608,0.36394978,0.097009629,0.40203999,0.49812009,1.0732066,1.0732066,2.8326673,0.70816682
thick_fast,28.5,0.32840212,0.40444183,0.36024546,0.094831325,0.40919586,0.50480446,1.0754154,1.0754154,2.8872244,0.7218061
thick_fast,29,0.32488806,0.40070423,0.3566195,0.092738675,0.41615446,0.5113047,1.0774176,1.0774176,2.9407045,0.73517614
thick_fast,29.5,0.32145084,0.39704489,0.35306888,0.090726918,0.42292388,0.51762806,1.0792248,1.0792248,2.9931207,0.74828017
thick_fast,30,0.31808752,0.39346085,0.34959073,0.088791628,0.42951175,0.52378134,1.0808477,1.0808477,3.0444861,0.76112153
thick_fast,30.5,0.31479531,0.3899493,0.34618233,0.086928687,0.43592521,0.52977094,1.0822962,1.0822962,3.0948146,0.77370365
thick_fast,31,0.31157158,0.38650759,0.3428411,0.085134255,0.44217103,0.53560291,1.0835798,1.0835798,3.14412,0.78603001
thick_fast,31.5,0.30841383,0.38313319,0.33956462,0.083404752,0.44825556,0.54128295,1.0847071,1.0847071,3.1924165,0.79810414
thick_fast,32,0.3053197,0.37982369,0.33635056,0.081736837,0.45418479,0.54681645,1.0856863,1.0856863,3.2397184,0.80992959
thick_fast,32.5,0.30228693,0.37657682,0.33319672,0.080127386,0.4599644,0.55220852,1.086525,1.086525,3.2860399,0.82150997
thick_fast,33,0.2993134,0.37339039,0.33010104,0.078573477,0.46559974,0.55746398,1.0872305,1.0872305,3.3313954,0.83284885
thick_fast,33.5,0.29639708,0.37026235,0.32706151,0.077072376,0.47109589,0.56258743,1.0878093,1.0878093,3.3757994,0.84394984
thick_fast,34,0.29353603,0.36719071,0.32407625,0.075621518,0.47645765,0.56758321,1.0882679,1.0882679,3.4192661,0.85481653
thick_fast,34.5,0.29072843,0.3641736,0.32114346,0.0742185,0.48168957,0.57245547,1.0886122,1.0886122,3.4618099,0.86545248
thick_fast,35,0.28797253,0.36120924,0.31826144,0.072861064,0.48679599,0.57720813,1.0888477,1.0888477,3.5034451,0.87586127
thick_fast,35.5,0.28526665,0.3582959,0.31542856,0.07154709,0.49178101,0.58184495,1.0889796,1.0889796,3.5441857,0.88604642
thick_fast,36,0.28260921,0.35543196,0.31264325,0.070274583,0.49664855,0.58636949,1.089013,1.089013,3.5840458,0.89601145
thick_fast,36.5,0.27999869,0.35261585,0.30990403,0.069041668,0.50140233,0.59078515,1.0889525,1.0889525,3.6230393,0.90575983
thick_fast,37,0.27743364,0.34984609,0.3072095,0.067846574,0.50604588,0.59509518,1.0888024,1.0888024,3.66118,0.915295
thick_fast,37.5,0.27491269,0.34712124,0.30455828,0.066687637,0.5105826,0.5993027,1.088567,1.088567,3.6984815,0.92462038
thick_fast,38,0.27243449,0.34443995,0.30194909,0.065563284,0.51501571,0.60341065,1.0882501,1.0882501,3.7349573,0.93373932
thick_fast,38.5,0.26999779,0.34180091,0.29938069,0.06447203,0.51934828,0.60742188,1.0878554,1.0878554,3.7706206,0.94265516
thick_fast,39,0.26760138,0.33920286,0.2968519,0.063412474,0.52358328,0.6113391,1.0873865,1.0873865,3.8054847,0.95137118
thick_fast,39.5,0.26524409,0.33664461,0.29436158,0.06238329,0.5277235,0.61516492,1.0868467,1.0868467,3.8395625,0.95989062
thick_fast,40,0.26292481,0.33412501,0.29190864,0.061383223,0.53177166,0.61890182,1.086239,1.086239,3.8728668,0.96821669
thick_fast,40.5,0.26064246,0.33164295,0.28949204,0.060411085,0.53573033,0.6225522,1.0855666,1.0855666,3.9054101,0.97635254
thick_fast,41,0.25839604,0.32919737,0.28711079,0.059465752,0.53960199,0.62611836,1.0848322,1.0848322,3.9372051,0.98430127
thick_fast,41.5,0.25618454,0.32678727,0.28476393,0.058546156,0.54338902,0.62960248,1.0840384,1.0840384,3.9682638,0.99206594
thick_fast,42,0.25400703,0.32441165,0.28245053,0.057651286,0.54709369,0.6330067,1.083188,1.083188,3.9985983,0.99964958
thick_fast,42.5,0.2518626,0.32206959,0.28016971,0.056780182,0.55071819,0.63633304,1.0822832,1.0822832,4.0282206,1.0070552
thick_fast,43,0.24975038,0.31976018,0.27792063,0.05593193,0.55426463,0.63958346,1.0813264,1.0813264,4.0571423,1.0142856
thick_fast,43.5,0.24766953,0.31748255,0.27570247,0.055105664,0.55773503,0.64275985,1.0803197,1.0803197,4.085375,1.0213437
thick_fast,44,0.24561923,0.31523588,0.27351444,0.054300558,0.56113134,0.64586402,1.0792653,1.0792653,4.1129299,1.0282325
thick_fast,44.5,0.24359872,0.31301935,0.2713558,0.05351583,0.56445542,0.6488977,1.0781652,1.0781652,4.1398182,1.0349546
thick_fast,45,0.24160724,0.31083219,0.26922581,0.05275073,0.56770909,0.6518626,1.0770212,1.0770212,4.1660509,1.0415127
thick_fast,45.5,0.23964406,0.30867366,0.26712377,0.052004548,0.57089407,0.65476032,1.0758351,1.0758351,4.1916388,1.0479097
thick_fast,46,0.23770851,0.30654304,0.26504902,0.051276606,0.57401205,0.65759243,1.0746087,1.0746087,4.2165924,1.0541481
thick_fast,46.5,0.2357999,0.30443963,0.2630009,0.050566257,0.57706463,0.66036045,1.0733436,1.0733436,4.2409223,1.0602306
thick_fast,47,0.23391758,0.30236277,0.2609788,0.049872883,0.58005339,0.66306583,1.0720414,1.0720414,4.2646385,1.0661596
thick_fast,47.5,0.23206094,0.30031182,0.2589821,0.049195897,0.58297981,0.66570998,1.0707035,1.0707035,4.2877513,1.0719378
thick_fast,48,0.23022936,0.29828615,0.25701022,0.048534735,0.58584536,0.66829426,1.0693315,1.0693315,4.3102706,1.0775676
thick_fast,48.5,0.22842228,0.29628516,0.25506261,0.047888859,0.58865144,0.67081999,1.0679266,1.0679266,4.332206,1.0830515
thick_fast,49,0.22663911,0.29430827,0.25313872,0.047257756,0.5913994,0.67328843,1.0664902,1.0664902,4.3535671,1.0883918
thick_fast,49.5,0.22487932,0.29235492,0.25123803,0.046640935,0.59409056,0.67570083,1.0650236,1.0650236,4.3743635,1.0935909
thick_fast,50,0.22314239,0.29042458,0.24936004,0.046037926,0.59672618,0.67805836,1.0635279,1.0635279,4.3946043,1.0986511
thick_fast,50.5,0.2214278,0.28851671,0.24750425,0.045448277,0.5993075,0.68036218,1.0620043,1.0620043,4.4142986,1.1035747
thick_fast,51,0.21973507,0.28663081,0.24567019,0.044871558,0.6018357,0.68261341,1.0604539,1.0604539,4.4334554,1.1083638
thick_fast,51.5,0.21806371,0.2847664,0.24385741,0.044307357,0.60431194,0.68481313,1.0588778,1.0588778,4.4520834,1.1130209
thick_fast,52,0.21641326,0.28292299,0.24206547,0.043755276,0.60673732,0.68696239,1.0572769,1.0572769,4.4701914,1.1175478
thick_fast,52.5,0.21478328,0.28110014,0.24029393,0.043214937,0.60911293,0.68906221,1.0556523,1.0556523,4.4877877,1.1219469
thick_fast,53,0.21317333,0.27929739,0.23854239,0.042685974,0.61143982,0.69111356,1.0540048,1.0540048,4.5048807,1.1262202
thick_fast,53.5,0.211583,0.27751431,0.23681045,0.04216804,0.61371899,0.69311741,1.0523355,1.0523355,4.5214787,1.1303697
thick_fast,54,0.21001188,0.2757505,0.2350977,0.041660797,0.61595145,0.69507469,1.050645,1.050645,4.5375896,1.1343974
thick_fast,54.5,0.20845957,0.27400554,0.23340379,0.041163924,0.61813813,0.69698629,1.0489343,1.0489343,4.5532214,1.1383054
thick_fast,55,0.20692569,0.27227905,0.23172835,0.04067711,0.62027998,0.69885309,1.0472042,1.0472042,4.568382,1.1420955
thick_fast,55.5,0.20540987,0.27057065,0.23007102,0.04020006,0.62237788,0.70067594,1.0454554,1.0454554,4.5830789,1.1457697
thick_fast,56,0.20391174,0.26887997,0.22843145,0.039732485,0.62443272,0.70245567,1.0436886,1.0436886,4.5973196,1.1493299
thick_fast,56.5,0.20243097,0.26720665,0.22680933,0.039274111,0.62644534,0.70419307,1.0419046,1.0419046,4.6111116,1.1527779
thick_fast,57,0.20096721,0.26555034,0.22520432,0.038824672,0.62841658,0.70588894,1.0401041,1.0401041,4.6244621,1.1561155
thick_fast,57.5,0.19952013,0.26391072,0.22361612,0.038383915,0.63034722,0.70754402,1.0382876,1.0382876,4.6373784,1.1593446
thick_fast,58,0.1980894,0.26228745,0.22204441,0.037951593,0.63223806,0.70915905,1.0364559,1.0364559,4.6498673,1.1624668
thick_fast,58.5,0.19667472,0.26068022,0.22048891,0.03752747,0.63408985,0.71073476,1.0346095,1.0346095,4.6619358,1.1654839
thick_fast,59,0.19527579,0.25908873,0.21894933,0.037111318,0.63590333,0.71227184,1.032749,1.032749,4.6735907,1.1683977
thick_fast,59.5,0.19389231,0.25751266,0.21742538,0.036702917,0.63767921,0.71377097,1.030875,1.030875,4.6848386,1.1712097
thick_fast,60,0.19252399,0.25595174,0.21591681,0.036302056,0.6394182,0.71523282,1.0289881,1.0289881,4.6956862,1.1739215
thick_fast,60.5,0.19117056,0.25440568,0.21442334,0.03590853,0.64112098,0.71665804,1.0270887,1.0270887,4.7061398,1.176535
thick_fast,61,0.18983174,0.25287421,0.21294472,0.035522144,0.6427882,0.71804724,1.0251773,1.0251773,4.7162059,1.1790515
thick_fast,61.5,0.18850726,0.25135706,0.2114807,0.035142705,0.64442051,0.71940105,1.0232545,1.0232545,4.7258906,1.1814727
thick_fast,62,0.18719689,0.24985397,0.21003104,0.034770032,0.64601854,0.72072006,1.0213207,1.0213207,4.7352001,1.1838
thick_fast,62.5,0.18590035,0.2483647,0.2085955,0.034403946,0.6475829,0.72200486,1.0193764,1.0193764,4.7441404,1.1860351
thick_fast,63,0.18461742,0.24688898,0.20717386,0.034044277,0.64911419,0.72325601,1.017422,1.017422,4.7527175,1.1881794
thick_fast,63.5,0.18334785,0.24542659,0.20576589,0.033690859,0.65061299,0.72447407,1.015458,1.015458,4.7609371,1.1902343
thick_fast,64,0.1820914,0.2439773,0.20437137,0.033343533,0.65207987,0.72565958,1.0134847,1.0134847,4.768805,1.1922013
thick_fast,64.5,0.18084787,0.24254088,0.20299009,0.033002144,0.65351537,0.72681307,1.0115025,1.0115025,4.7763269,1.1940817
thick_fast,65,0.17961702,0.2411171,0.20162185,0.032666542,0.65492004,0.72793506,1.0095119,1.0095119,4.7835083,1.1958771
thick_fast,65.5,0.17839864,0.23970576,0.20026644,0.032336584,0.65629441,0.72902605,1.0075131,1.0075131,4.7903546,1.1975886
thick_fast,66,0.17719252,0.23830664,0.19892367,0.032012129,0.65763897,0.73008653,1.0055066,1.0055066,4.7968712,1.1992178
thick_fast,66.5,0.17599847,0.23691955,0.19759334,0.031693043,0.65895425,0.73111698,1.0034928,1.0034928,4.8030635,1.2007659
thick_fast,67,0.17481627,0.23554428,0.19627527,0.031379194,0.66024071,0.73211788,1.0014718,1.0014718,4.8089365,1.2022341
thick_fast,67.5,0.17364574,0.23418064,0.19496928,0.031070456,0.66149885,0.73308968,0.99944411,0.99944411,4.8144954,1.2036239
thick_fast,68,0.17248669,0.23282844,0.19367519,0.030766706,0.66272912,0.73403283,0.99740999,0.99740999,4.8197453,1.2049363
thick_fast,68.5,0.17133893,0.2314875,0.19239282,0.030467825,0.66393199,0.73494778,0.99536974,0.99536974,4.824691,1.2061727
thick_fast,69,0.17020228,0.23015764,0.19112202,0.030173697,0.66510789,0.73583495,0.99332366,0.99332366,4.8293375,1.2073344
thick_fast,69.5,0.16907657,0.22883869,0.1898626,0.029884213,0.66625725,0.73669476,0.99127204,0.99127204,4.8336894,1.2084224
thick_fast,70,0.16796163,0.22753048,0.18861441,0.029599262,0.66738051,0.73752762,0.98921514,0.98921514,4.8377517,1.2094379
thick_fast,70.5,0.16685728,0.22623283,0.1873773,0.029318741,0.66847808,0.73833395,0.98715324,0.98715324,4.8415287,1.2103822
thick_fast,71,0.16576336,0.2249456,0.1861511,0.029042547,0.66955036,0.73911412,0.98508659,0.98508659,4.8450253,1.2112563
thick_fast,71.5,0.16467972,0.22366861,0.18493567,0.028770582,0.67059774,0.73986853,0.98301545,0.98301545,4.8482457,1.2120614
thick_fast,72,0.16360619,0.22240172,0.18373086,0.02850275,0.67162062,0.74059756,0.98094006,0.98094006,4.8511945,1.2127986
thick_fast,72.5,0.16254263,0.22114477,0.18253652,0.028238959,0.67261937,0.74130158,0.97886065,0.97886065,4.8538759,1.213469
thick_fast,73,0.16148888,0.21989763,0.18135252,0.027979117,0.67359436,0.74198094,0.97677745,0.97677745,4.8562943,1.2140736
thick_fast,73.5,0.16044479,0.21866014,0.18017872,0.027723138,0.67454596,0.74263602,0.97469068,0.97469068,4.8584539,1.2146135
thick_fast,74,0.15941023,0.21743216,0.17901498,0.027470937,0.67547451,0.74326714,0.97260056,0.97260056,4.8603588,1.2150897
thick_fast,74.5,0.15838505,0.21621356,0.17786117,0.027222431,0.67638037,0.74387467,0.97050729,0.97050729,4.8620131,1.2155033
thick_fast,75,0.15736912,0.21500421,0.17671716,0.026977539,0.67726387,0.74445892,0.96841108,0.96841108,4.8634208,1.2158552
thick_fast,75.5,0.1563623,0.21380397,0.17558283,0.026736185,0.67812535,0.74502024,0.96631212,0.96631212,4.8645859,1.2161465
thick_fast,76,0.15536446,0.21261271,0.17445805,0.026498292,0.67896513,0.74555894,0.9642106,0.9642106,4.8655122,1.2163781
thick_fast,76.5,0.15437547,0.21143032,0.17334269,0.026263787,0.67978352,0.74607534,0.9621067,0.9621067,4.8662037,1.2165509
thick_fast,77,0.15339522,0.21025666,0.17223665,0.026032597,0.68058085,0.74656976,0.96000062,0.96000062,4.866664,1.216666
thick_fast,77.5,0.15242356,0.20909163,0.1711398,0.025804655,0.6813574,0.74704248,0.95789251,0.95789251,4.8668969,1.2167242
thick_fast,78,0.15146039,0.2079351,0.17005203,0.025579891,0.68211349,0.74749383,0.95578255,0.95578255,4.866906,1.2167265
thick_fast,78.5,0.15050559,0.20678696,0.16897323,0.02535824,0.68284941,0.74792408,0.9536709,0.9536709,4.866695,1.2166738
thick_fast,79,0.14955904,0.2056471,0.16790329,0.025139639,0.68356544,0.74833353,0.95155771,0.95155771,4.8662674,1.2165668
thick_fast,79.5,0.14862062,0.20451541,0.1668421,0.024924024,0.68426185,0.74872246,0.94944316,0.94944316,4.8656266,1.2164067
thick_fast,80,0.14769023,0.20339178,0.16578955,0.024711336,0.68493894,0.74909115,0.94732738,0.94732738,4.8647762,1.216194
thick_fast,80.5,0.14676777,0.20227611,0.16474555,0.024501515,0.68559696,0.74943988,0.94521052,0.94521052,4.8637195,1.2159299
thick_fast,81,0.14585311,0.20116829,0.16370999,0.024294503,0.68623618,0.7497689,0.94309272,0.94309272,4.8624598,1.2156149
thick_fast,81.5,0.14494616,0.20006823,0.16268277,0.024090246,0.68685686,0.7500785,0.94097411,0.94097411,4.8610004,1.2152501
thick_fast,82,0.14404681,0.19897583,0.16166379,0.023888688,0.68745926,0.75036892,0.93885485,0.93885485,4.8593447,1.2148362
thick_fast,82.5,0.14315497,0.19789099,0.16065296,0.023689776,0.68804362,0.75064042,0.93673504,0.93673504,4.8574956,1.2143739
thick_fast,83,0.14227054,0.19681363,0.15965018,0.023493459,0.68861018,0.75089325,0.93461483,0.93461483,4.8554565,1.2138641
thick_fast,83.5,0.14139342,0.19574364,0.15865537,0.023299686,0.68915919,0.75112766,0.93249432,0.93249432,4.8532303,1.2133076
thick_fast,84,0.14052351,0.19468093,0.15766842,0.023108409,0.68969089,0.75134389,0.93037365,0.93037365,4.8508202,1.2127051
thick_fast,84.5,0.13966073,0.19362543,0.15668925,0.022919579,0.69020549,0.75154219,0.92825292,0.92825292,4.8482291,1.2120573
thick_fast,85,0.13880498,0.19257704,0.15571778,0.022733149,0.69070323,0.75172278,0.92613225,0.92613225,4.84546,1.211365
thick_fast,85.5,0.13795618,0.19153569,0.15475391,0.022549075,0.69118433,0.7518859,0.92401175,0.92401175,4.8425158,1.210629
thick_fast,86,0.13711423,0.19050127,0.15379757,0.022367312,0.69164901,0.75203177,0.92189153,0.92189153,4.8393994,1.2098498
thick_fast,86.5,0.13627906,0.18947373,0.15284866,0.022187817,0.69209748,0.75216063,0.91977169,0.91977169,4.8361136,1.2090284
thick_fast,87,0.13545056,0.18845297,0.15190711,0.022010547,0.69252995,0.75227268,0.91765232,0.91765232,4.8326611,1.2081653
thick_fast,87.5,0.13462868,0.18743891,0.15097284,0.021835462,0.69294662,0.75236815,0.91553354,0.91553354,4.8290448,1.2072612
thick_fast,88,0.13381331,0.1864315,0.15004576,0.021662521,0.6933477,0.75244725,0.91341543,0.91341543,4.8252673,1.2063168
thick_fast,88.5,0.13300439,0.18543064,0.14912581,0.021491685,0.69373339,0.7525102,0.91129808,0.91129808,4.8213313,1.2053328
thick_fast,89,0.13220184,0.18443626,0.14821289,0.021322917,0.69410389,0.75255719,0.90918159,0.90918159,4.8172394,1.2043099
thick_fast,89.5,0.13140557,0.18344829,0.14730695,0.021156177,0.69445937,0.75258843,0.90706605,0.90706605,4.8129943,1.2032486
thick_fast,90,0.13061551,0.18246667,0.14640789,0.020991432,0.69480003,0.75260413,0.90495153,0.90495153,4.8085983,1.2021496
thick_fast,90.5,0.12983159,0.18149132,0.14551566,0.020828643,0.69512607,0.75260448,0.90283813,0.90283813,4.8040542,1.2010136
thick_fast,91,0.12905374,0.18052218,0.14463018,0.020667778,0.69543764,0.75258969,0.90072592,0.90072592,4.7993643,1.1998411
thick_fast,91.5,0.12828189,0.17955918,0.14375137,0.020508802,0.69573494,0.75255993,0.89861498,0.89861498,4.7945311,1.1986328
thick_fast,92,0.12751596,0.17860225,0.14287917,0.020351682,0.69601815,0.7525154,0.89650539,0.89650539,4.789557,1.1973892
thick_fast,92.5,0.12675588,0.17765133,0.14201352,0.020196385,0.69628742,0.75245629,0.89439723,0.89439723,4.7844443,1.1961111
thick_fast,93,0.12600159,0.17670636,0.14115433,0.02004288,0.69654294,0.75238278,0.89229056,0.89229056,4.7791955,1.1947989
thick_fast,93.5,0.12525302,0.17576727,0.14030155,0.019891136,0.69678486,0.75229505,0.89018546,0.89018546,4.7738127,1.1934532
thick_fast,94,0.12451011,0.17483401,0.13945511,0.019741124,0.69701336,0.75219329,0.88808199,0.88808199,4.7682984,1.1920746
thick_fast,94.5,0.12377279,0.17390652,0.13861495,0.019592812,0.69722858,0.75207767,0.88598023,0.88598023,4.7626546,1.1906636
thick_fast,95,0.123041,0.17298473,0.137781,0.019446173,0.6974307,0.75194836,0.88388023,0.88388023,4.7568836,1.1892209
thick_fast,95.5,0.12231467,0.17206859,0.1369532,0.019301179,0.69761986,0.75180554,0.88178206,0.88178206,4.7509877,1.1877469
thick_fast,96,0.12159375,0.17115805,0.13613149,0.019157802,0.69779622,0.75164937,0.87968579,0.87968579,4.7449688,1.1862422
thick_fast,96.5,0.12087817,0.17025305,0.1353158,0.019016014,0.69795993,0.75148003,0.87759146,0.87759146,4.7388293,1.1847073
thick_fast,97,0.12016788,0.16935353,0.13450608,0.01887579,0.69811113,0.75129768,0.87549915,0.87549915,4.732571,1.1831428
thick_fast,97.5,0.11946282,0.16845945,0.13370227,0.018737103,0.69824998,0.75110248,0.8734089,0.8734089,4.7261961,1.181549
thick_fast,98,0.11876292,0.16757074,0.13290431,0.018599929,0.69837661,0.75089458,0.87132077,0.87132077,4.7197067,1.1799267
thick_fast,98.5,0.11806814,0.16668737,0.13211215,0.018464243,0.69849116,0.75067416,0.86923483,0.86923483,4.7131046,1.1782762
thick_fast,99,0.11737842,0.16580927,0.13132572,0.018330021,0.69859378,0.75044137,0.86715111,0.86715111,4.7063919,1.176598
thick_fast,99.5,0.11669371,0.1649364,0.13054497,0.018197239,0.6986846,0.75019636,0.86506967,0.86506967,4.6995705,1.1748926
thick_fast,100,0.11601394,0.16406871,0.12976984,0.018065874,0.69876375,0.74993928,0.86299055,0.86299055,4.6926424,1.1731606
thick_fast,100.5,0.11533908,0.16320616,0.12900029,0.017935903,0.69883137,0.74967029,0.86091382,0.86091382,4.6856093,1.1714023
thick_fast,101,0.11466906,0.16234869,0.12823625,0.017807305,0.69888759,0.74938953,0.85883951,0.85883951,4.6784733,1.1696183
thick_fast,101.5,0.11400383,0.16149626,0.12747768,0.017680057,0.69893253,0.74909715,0.85676767,0.85676767,4.671236,1.167809
thick_fast,102,0.11334335,0.16064882,0.12672452,0.017554139,0.69896631,0.7487933,0.85469835,0.85469835,4.6638994,1.1659748
thick_fast,102.5,0.11268757,0.15980633,0.12597672,0.017429529,0.69898908,0.74847811,0.85263158,0.85263158,4.6564651,1.1641163
thick_fast,103,0.11203643,0.15896875,0.12523423,0.017306208,0.69900094,0.74815174,0.85056741,0.85056741,4.648935,1.1622338
thick_fast,103.5,0.11138989,0.15813603,0.124497,0.017184155,0.69900201,0.74781431,0.84850589,0.84850589,4.6413108,1.1603277
thick_fast,104,0.11074791,0.15730813,0.12376498,0.017063351,0.69899243,0.74746596,0.84644705,0.84650725,4.6335942,1.1583986
thick_fast,104.5,0.11011043,0.15648501,0.12303812,0.016943776,0.69897229,0.74710684,0.84439092,0.84452614,4.6257869,1.1564467
thick_fast,105,0.10947741,0.15566662,0.12231638,0.016825413,0.69894172,0.74673708,0.84233756,0.84254682,4.6178905,1.1544726
thick_fast,105.5,0.1088488,0.15485293,0.1215997,0.016708242,0.69890083,0.74635681,0.84028699,0.84056937,4.6099067,1.1524767
thick_fast,106,0.10822457,0.1540439,0.12088804,0.016592246,0.69884974,0.74596615,0.83823925,0.83859382,4.6018372,1.1504593
thick_fast,106.5,0.10760466,0.15323948,0.12018135,0.016477408,0.69878854,0.74556525,0.83619437,0.83662022,4.5936834,1.1484208
thick_fast,107,0.10698903,0.15243965,0.11947959,0.016363709,0.69871736,0.74515423,0.83415239,0.83464862,4.585447,1.1463618
thick_fast,107.5,0.10637765,0.15164435,0.11878271,0.016251133,0.6986363,0.7447332,0.83211335,0.83267907,4.5771295,1.1442824
thick_fast,108,0.10577046,0.15085356,0.11809067,0.016139663,0.69854545,0.74430231,0.83007727,0.8307116,4.5687325,1.1421831
thick_fast,108.5,0.10516744,0.15006724,0.11740342,0.016029284,0.69844494,0.74386167,0.82804419,0.82875705,4.5602575,1.1400644
thick_fast,109,0.10456853,0.14928534,0.11672091,0.015919978,0.69833485,0.74341141,0.82601413,0.82686189,4.5517059,1.1379265
thick_fast,109.5,0.1039737,0.14850785,0.11604312,0.015811731,0.6982153,0.74295164,0.82398713,0.82496812,4.5430793,1.1357698
thick_fast,110,0.1033829,0.14773471,0.11536999,0.015704528,0.69808637,0.74248249,0.82196321,0.82307579,4.534379,1.1335948
thick_fast,110.5,0.10279611,0.1469659,0.11470147,0.015598353,0.69794818,0.74200406,0.8199424,0.82118495,4.5256065,1.1314016
thick_fast,111,0.10221328,0.14620138,0.11403754,0.015493191,0.69780081,0.74151649,0.81792474,0.81929566,4.5167633,1.1291908
thick_fast,111.5,0.10163437,0.14544112,0.11337815,0.015389028,0.69764436,0.74101988,0.81591023,0.81740795,4.5078506,1.1269627
thick_fast,112,0.10105935,0.14468508,0.11272326,0.015285851,0.69747892,0.74051434,0.81389892,0.81552188,4.49887,1.1247175
thick_fast,112.5,0.10048818,0.14393323,0.11207282,0.015183644,0.6973046,0.74,0.81189083,0.81363748,4.4898226,1.1224557
thick_fast,113,0.099920818,0.14318555,0.11142681,0.015082395,0.69712147,0.73947695,0.80988597,0.81175482,4.4807099,1.1201775
thick_fast,113.5,0.099357237,0.142442,0.11078517,0.014982089,0.69692964,0.73894532,0.80788438,0.80993495,4.4715332,1.1178833
thick_fast,114,0.098797399,0.14170254,0.11014787,0.014882715,0.69672918,0.7384052,0.80588607,0.80811691,4.4622938,1.1155735
thick_fast,114.5,0.098241269,0.14096715,0.10951488,0.014784258,0.69652019,0.73785671,0.80389107,0.8063,4.4529929,1.1132482
thick_fast,115,0.097688813,0.1402358,0.10888615,0.014686707,0.69630276,0.73729995,0.8018994,0.80448429,4.4436319,1.110908
thick_fast,115.5,0.097139998,0.13950845,0.10826166,0.014590049,0.69607697,0.73673502,0.79991109,0.80266982,4.4342119,1.108553
thick_fast,116,0.096594789,0.13878508,0.10764135,0.014494271,0.6958429,0.73616204,0.79792614,0.80085664,4.4247343,1.1061836
thick_fast,116.5,0.096053155,0.13806566,0.10702519,0.014399362,0.69560065,0.73558109,0.79594458,0.79904479,4.4152001,1.1038
thick_fast,117,0.095515062,0.13735016,0.10641316,0.014305311,0.69535029,0.7349923,0.79396644,0.79723431,4.4056107,1.1014027
thick_fast,117.5,0.09498048,0.13663855,0.10580521,0.014212104,0.6950919,0.73439574,0.79199172,0.79544186,4.3959671,1.0989918
thick_fast,118,0.094449376,0.13593081,0.1052013,0.014119733,0.69482557,0.73379153,0.79002044,0.79369048,4.3862706,1.0965677
thick_fast,118.5,0.09392172,0.1352269,0.10460141,0.014028184,0.69455137,0.73317975,0.78805264,0.79193998,4.3765223,1.0941306
thick_fast,119,0.09339748,0.1345268,0.1040055,0.013937447,0.69426938,0.73256052,0.78608831,0.79019041,4.3667234,1.0916808
thick_fast,119.5,0.092876627,0.13383049,0.10341353,0.013847512,0.69397969,0.73193392,0.78412748,0.78844181,4.3568749,1.0892187
thick_fast,120,0.092359131,0.13313793,0.10282548,0.013758368,0.69368236,0.73130004,0.78217016,0.78669424,4.346978,1.0867445
thick_fast,120.5,0.091844961,0.1324491,0.1022413,0.013670004,0.69337748,0.73065899,0.78021637,0.78494773,4.3370337,1.0842584
thick_fast,121,0.091334091,0.13176397,0.10166097,0.013582411,0.69306511,0.73001085,0.77826612,0.78320233,4.3270431,1.0817608
thick_fast,121.5,0.090826489,0.13108253,0.10108445,0.013495579,0.69274534,0.72935571,0.77631943,0.7814611,4.3170074,1.0792518
thick_fast,122,0.090322129,0.13040474,0.1005117,0.013409497,0.69241824,0.72869368,0.77437631,0.77976987,4.3069275,1.0767319
thick_fast,122.5,0.089820982,0.12973057,0.099942712,0.013324156,0.69208387,0.72802482,0.77243677,0.77807931,4.2968044,1.0742011
thick_fast,123,0.08932302,0.12906002,0.099377436,0.013239547,0.69174231,0.72734924,0.77050083,0.77638948,4.2866392,1.0716598
thick_fast,123.5,0.088828217,0.12839304,0.098815847,0.01315566,0.69139364,0.72666702,0.76856851,0.77470043,4.276433,1.0691082
thick_fast,124,0.088336546,0.12772962,0.098257912,0.013072487,0.69103791,0.72597825,0.7666398,0.77301219,4.2661866,1.0665466
thick_fast,124.5,0.087847979,0.12706974,0.097703603,0.012990017,0.6906752,0.72528302,0.76471473,0.77132482,4.255901,1.0639753
thick_fast,125,0.087362491,0.12641336,0.097152887,0.012908243,0.69030558,0.7245814,0.76279331,0.76963837,4.2455773,1.0613943
thick_fast,125.5,0.086880056,0.12576047,0.096605737,0.012827156,0.68992912,0.72387348,0.76087554,0.76796533,4.2352163,1.0588041
thick_fast,126,0.086400648,0.12511105,0.096062121,0.012746747,0.68954588,0.72315935,0.75896143,0.76632861,4.2248191,1.0562048
thick_fast,126.5,0.085924242,0.12446506,0.095522012,0.012667008,0.68915593,0.72243908,0.75705101,0.76469242,4.2143865,1.0535966
thick_fast,127,0.085450812,0.1238225,0.094985381,0.012587931,0.68875933,0.72171277,0.75514427,0.76305681,4.2039195,1.0509799
thick_fast,127.5,0.084980335,0.12318334,0.094452198,0.012509507,0.68835614,0.72098048,0.75324123,0.76142182,4.1934189,1.0483547
thick_fast,128,0.084512787,0.12254755,0.093922436,0.012431728,0.68794645,0.7202423,0.7513419,0.75978751,4.1828857,1.0457214
thick_fast,128.5,0.084048142,0.12191512,0.093396066,0.012354588,0.68753029,0.7194983,0.74944627,0.75815391,4.1723207,1.0430802
thick_fast,129,0.083586377,0.12128602,0.092873062,0.012278077,0.68710775,0.71874857,0.74755438,0.75652107,4.1617248,1.0404312
thick_fast,129.5,0.083127468,0.12066023,0.092353396,0.012202189,0.68667887,0.71799318,0.74566621,0.75492787,4.1510989,1.0377747
thick_fast,130,0.082671394,0.12003774,0.09183704,0.012126915,0.68624373,0.7172322,0.74378178,0.75334078,4.1404437,1.0351109
thick_fast,130.5,0.08221813,0.11941852,0.091323968,0.01205225,0.68580237,0.71646572,0.7419011,0.75175412,4.1297602,1.0324401
thick_fast,131,0.081767653,0.11880254,0.090814154,0.011978184,0.68535487,0.7156938,0.74002417,0.75016793,4.1190491,1.0297623
thick_fast,131.5,0.081319943,0.1181898,0.090307571,0.011904713,0.68490129,0.71491652,0.738151,0.74858226,4.1083113,1.0270778
thick_fast,132,0.080874976,0.11758028,0.089804194,0.011831827,0.68444167,0.71413395,0.73628159,0.74699715,4.0975476,1.0243869
thick_fast,132.5,0.08043273,0.11697394,0.089303997,0.011759521,0.68397608,0.71334617,0.73441596,0.74541264,4.0867587,1.0216897
thick_fast,133,0.079993184,0.11637078,0.088806954,0.011687788,0.68350457,0.71255324,0.73255411,0.74386495,4.0759455,1.0189864
thick_fast,133.5,0.079556317,0.11577077,0.08831304,0.011616621,0.68302721,0.71175524,0.73069604,0.74232293,4.0651086,1.0162772
thick_fast,134,0.079122108,0.11517389,0.087822231,0.011546014,0.68254405,0.71095223,0.72884176,0.74078123,4.0542489,1.0135622
thick_fast,134.5,0.078690535,0.11458013,0.087334502,0.01147596,0.68205514,0.71014429,0.72699128,0.73923988,4.0433671,1.0108418
thick_fast,135,0.078261579,0.11398947,0.086849828,0.011406453,0.68156055,0.70933148,0.7251446,0.73769893,4.032464,1.008116
thick_fast,135.5,0.077835218,0.11340188,0.086368186,0.011337486,0.68106032,0.70851387,0.72330172,0.73615842,4.0215402,1.005385
thick_fast,136,0.077411432,0.11281736,0.085889552,0.011269054,0.68055451,0.70769152,0.72146265,0.73462733,4.0105965,1.0026491
thick_fast,136.5,0.076990202,0.11223588,0.085413902,0.01120115,0.68004317,0.70686451,0.71962739,0.73312662,3.9996336,0.99990841
thick_fast,137,0.076571509,0.11165742,0.084941212,0.011133769,0.67952637,0.7060329,0.71779595,0.73162609,3.9886523,0.99716307
thick_fast,137.5,0.076155331,0.11108197,0.08447146,0.011066904,0.67900414,0.70519675,0.71596832,0.73012579,3.9776531,0.99441327
thick_fast,138,0.075741651,0.11050951,0.084004623,0.011000551,0.67847654,0.70435612,0.71414453,0.72862575,3.9666368,0.9916592
thick_fast,138.5,0.075330449,0.10994002,0.083540678,0.010934702,0.67794363,0.70351109,0.71232456,0.72712602,3.955604,0.98890101
thick_fast,139,0.074921706,0.10937348,0.083079602,0.010869354,0.67740546,0.70266171,0.71050841,0.72562663,3.9445555,0.98613887
thick_fast,139.5,0.074515404,0.10880988,0.082621374,0.010804499,0.67686207,0.70180804,0.70869611,0.72416143,3.9334918,0.98337295
thick_fast,140,0.074111524,0.10824921,0.082165972,0.010740134,0.67631352,0.70095014,0.70688763,0.72269907,3.9224137,0.98060341
thick_fast,140.5,0.073710048,0.10769143,0.081713374,0.010676251,0.67575985,0.70008809,0.705083,0.72123682,3.9113216,0.97783041
thick_fast,141,0.073310958,0.10713655,0.081263557,0.010612847,0.67520112,0.69922193,0.7032822,0.71977474,3.9002164,0.9750541
thick_fast,141.5,0.072914236,0.10658453,0.080816502,0.010549916,0.67463738,0.69835172,0.70148524,0.71831285,3.8890986,0.97227464
thick_fast,142,0.072519865,0.10603537,0.080372187,0.010487453,0.67406867,0.69747753,0.69969213,0.71685119,3.8779687,0.96949219
thick_fast,142.5,0.072127827,0.10548905,0.07993059,0.010425453,0.67349504,0.69659942,0.69790286,0.71542201,3.8668275,0.96670689
thick_fast,143,0.071738105,0.10494555,0.079491692,0.010363911,0.67291654,0.69571743,0.69611744,0.71399508,3.8556755,0.96391889
thick_fast,143.5,0.071350681,0.10440486,0.079055472,0.010302822,0.67233322,0.69483163,0.69433587,0.71256817,3.8445134,0.96112834
thick_fast,144,0.07096554,0.10386696,0.07862191,0.010242181,0.67174513,0.69394207,0.69255814,0.71114134,3.8333415,0.95833538
thick_fast,144.5,0.070582663,0.10333183,0.078190985,0.010181984,0.6711523,0.69304881,0.69078426,0.70971462,3.8221607,0.95554017
thick_fast,145,0.070202035,0.10279946,0.077762678,0.010122226,0.6705548,0.69215191,0.68901423,0.70829584,3.8109713,0.95274283
thick_fast,145.5,0.06982364,0.10226984,0.077336968,0.010062902,0.66995265,0.69125141,0.68724806,0.7069019,3.7997741,0.94994351
thick_fast,146,0.06944746,0.10174295,0.076913838,0.010004009,0.66934592,0.69034738,0.68548573,0.70550789,3.7885694,0.94714235
thick_fast,146.5,0.069073481,0.10121877,0.076493266,0.0099455401,0.66873464,0.68943986,0.68372725,0.70411385,3.7773579,0.94433948
thick_fast,147,0.068701685,0.10069729,0.076075235,0.0098874927,0.66811885,0.68852892,0.68197263,0.70271981,3.7661401,0.94153504
thick_fast,147.5,0.068332058,0.1001785,0.075659725,0.009829862,0.66749861,0.68761459,0.68022185,0.70132581,3.7549166,0.93872915
thick_fast,148,0.067964584,0.099662373,0.075246718,0.0097726438,0.66687396,0.68669694,0.67847492,0.69995705,3.7436878,0.93592195
thick_fast,148.5,0.067599247,0.099148904,0.074836194,0.0097158339,0.66624493,0.68577601,0.67673185,0.6985938,3.7324543,0.93311356
thick_fast,149,0.067236033,0.098638076,0.074428136,0.0096594281,0.66561158,0.68485185,0.67499262,0.69723043,3.7212165,0.93030412
thick_fast,149.5,0.066874926,0.098129874,0.074022526,0.0096034223,0.66497395,0.68392452,0.67325724,0.69586698,3.709975,0.92749375
thick_fast,150,0.066515911,0.097624284,0.073619345,0.0095478126,0.66433207,0.68299406,0.67152571,0.69450347,3.6987303,0.92468256
thick_fast,150.5,0.066158973,0.097121292,0.073218576,0.0094925949,0.66368599,0.68206053,0.66979802,0.69315899,3.6874828,0.92187069
thick_fast,151,0.065804099,0.096620884,0.072820201,0.0094377654,0.66303576,0.68112397,0.66807418,0.69182453,3.676233,0.91905825
thick_fast,151.5,0.065451273,0.096123047,0.072424202,0.0093833201,0.66238141,0.68018443,0.66635418,0.69048987,3.6649815,0.91624537
thick_fast,152,0.065100481,0.095627765,0.072030562,0.0093292554,0.66172298,0.67924196,0.66463803,0.68915505,3.6537286,0.91343215
thick_fast,152.5,0.064751708,0.095135027,0.071639265,0.0092755675,0.66106053,0.67829661,0.66292571,0.6878201,3.6424748,0.91061871
thick_fast,153,0.064404942,0.094644817,0.071250292,0.0092222526,0.66039407,0.67734841,0.66121724,0.68650521,3.6312207,0.90780517
thick_fast,153.5,0.064060168,0.094157122,0.070863628,0.0091693072,0.65972367,0.67639743,0.6595126,0.68519768,3.6199665,0.90499163
thick_fast,154,0.063717371,0.09367193,0.070479255,0.0091167276,0.65904935,0.67544369,0.6578118,0.6838899,3.6087129,0.90217822
thick_fast,154.5,0.06337654,0.093189227,0.070097157,0.0090645103,0.65837116,0.67448726,0.65611483,0.68258189,3.5974601,0.89936503
thick_fast,155,0.063037659,0.092708999,0.069717318,0.0090126518,0.65768914,0.67352817,0.6544217,0.68127433,3.5862087,0.89655218
thick_fast,155.5,0.062700715,0.092231233,0.069339722,0.0089611487,0.65700332,0.67256646,0.65273239,0.67999237,3.5749591,0.89373977
thick_fast,156,0.062365696,0.091755917,0.068964351,0.0089099975,0.65631374,0.67160219,0.65104691,0.67871006,3.5637116,0.8909279
thick_fast,156.5,0.062032589,0.091283037,0.068591192,0.008859195,0.65562045,0.67063539,0.64936525,0.67742745,3.5524667,0.88811669
thick_fast,157,0.061701379,0.090812581,0.068220227,0.0088087377,0.65492347,0.66966611,0.64768742,0.67614457,3.5412249,0.88530622
thick_fast,157.5,0.061372055,0.090344535,0.067851441,0.0087586226,0.65422286,0.6686944,0.6460134,0.67487486,3.5299864,0.8824966
thick_fast,158,0.061044603,0.089878888,0.067484819,0.0087088462,0.65351864,0.66772028,0.6443432,0.67361656,3.5187518,0.87968794
thick_fast,158.5,0.060719011,0.089415626,0.067120346,0.0086594055,0.65281085,0.6667438,0.64267682,0.67235788,3.5075213,0.87688032
thick_fast,159,0.060395267,0.088954738,0.066758005,0.0086102973,0.65209953,0.66576501,0.64101424,0.67109885,3.4962954,0.87407384
thick_fast,159.5,0.060073357,0.08849621,0.066397783,0.0085615186,0.65138472,0.66478395,0.63935547,0.66984525,3.4850744,0.87126861
thick_fast,160,0.05975327,0.08804003,0.066039664,0.0085130662,0.65066646,0.66380065,0.63770051,0.66860955,3.4738588,0.8684647
thick_fast,160.5,0.059434994,0.087586186,0.065683634,0.0084649372,0.64994477,0.66281516,0.63604935,0.66737341,3.4626489,0.86566222
thick_fast,161,0.059118516,0.087134666,0.065329678,0.0084171286,0.6492197,0.66182751,0.63440198,0.66613686,3.451445,0.86286125
thick_fast,161.5,0.058803824,0.086685458,0.064977782,0.0083696375,0.64849128,0.66083775,0.63275841,0.66490294,3.4402476,0.86006189
thick_fast,162,0.058490907,0.08623855,0.06462793,0.008322461,0.64775955,0.65984591,0.63111863,0.66368851,3.4290569,0.85726422
thick_fast,162.5,0.058179753,0.085793929,0.06428011,0.0082755962,0.64702454,0.65885203,0.62948264,0.66247359,3.4178733,0.85446833
thick_fast,163,0.057870351,0.085351584,0.063934306,0.0082290404,0.64628629,0.65785615,0.62785043,0.6612582,3.4066972,0.85167431
thick_fast,163.5,0.057562687,0.084911504,0.063590506,0.0081827906,0.64554483,0.6568583,0.626222,0.66004673,3.3955289,0.84888224
thick_fast,164,0.057256753,0.084473675,0.063248694,0.0081368443,0.6448002,0.65585853,0.62459735,0.65885233,3.3843688,0.8460922
thick_fast,164.5,0.056952535,0.084038088,0.062908858,0.0080911986,0.64405243,0.65485687,0.62297647,0.65765738,3.3732171,0.84330427
thick_fast,165,0.056650023,0.08360473,0.062570984,0.0080458509,0.64330155,0.65385336,0.62135936,0.65646192,3.3620742,0.84051855
thick_fast,165.5,0.056349205,0.083173589,0.062235058,0.0080007986,0.6425476,0.65284802,0.61974602,0.655275,3.3509404,0.8377351
thick_fast,166,0.056050071,0.082744655,0.061901067,0.007956039,0.64179061,0.65184091,0.61813643,0.65409943,3.339816,0.83495401
thick_fast,166.5,0.05575261,0.082317916,0.061568998,0.0079115696,0.64103062,0.65083205,0.6165306,0.65292328,3.3287014,0.83217535
thick_fast,167,0.055456811,0.081893361,0.061238838,0.0078673878,0.64026766,0.64982148,0.61492852,0.65174657,3.3175968,0.8293992
thick_fast,167.5,0.055162663,0.081470977,0.060910573,0.0078234912,0.63950176,0.64880923,0.61333019,0.65058573,3.3065025,0.82662564
thick_fast,168,0.054870155,0.081050756,0.060584192,0.0077798772,0.63873295,0.64779534,0.6117356,0.64942786,3.2954189,0.82385473
thick_fast,168.5,0.054579277,0.080632684,0.06025968,0.0077365434,0.63796127,0.64677984,0.61014475,0.64826938,3.2843463,0.82108656
thick_fast,169,0.054290019,0.080216752,0.059937026,0.0076934874,0.63718675,0.64576276,0.60855764,0.64711715,3.2732848,0.8183212
thick_fast,169.5,0.054002369,0.079802947,0.059616217,0.0076507068,0.63640942,0.64474414,0.60697425,0.64597658,3.2622348,0.81555871
thick_fast,170,0.053716319,0.07939126,0.059297241,0.0076081992,0.63562931,0.64372401,0.60539459,0.64483535,3.2511967,0.81279917
thick_fast,170.5,0.053431857,0.07898168,0.058980084,0.0075659624,0.63484645,0.6427024,0.60381866,0.64369412,3.2401706,0.81004265
thick_fast,171,0.053148974,0.078574195,0.058664736,0.0075239939,0.63406088,0.64167935,0.60224643,0.64256992,3.2291568,0.80728921
thick_fast,171.5,0.052867659,0.078168796,0.058351184,0.0074822916,0.63327263,0.64065489,0.60067792,0.641445,3.2181557,0.80453892
thick_fast,172,0.052587902,0.07776547,0.058039416,0.0074408531,0.63248172,0.63962904,0.59911311,0.64031939,3.2071674,0.80179184
thick_fast,172.5,0.052309695,0.077364209,0.05772942,0.0073996764,0.63168819,0.63860184,0.59755201,0.63920797,3.1961922,0.79904805
thick_fast,173,0.052033026,0.076965001,0.057421184,0.0073587591,0.63089207,0.63757332,0.5959946,0.63809846,3.1852304,0.79630761
thick_fast,173.5,0.051757887,0.076567835,0.057114697,0.0073180991,0.63009339,0.63654351,0.59444089,0.63698822,3.1742823,0.79357057
thick_fast,174,0.051484267,0.076172703,0.056809948,0.0072776943,0.62929218,0.63551245,0.59289086,0.6358905,3.163348,0.79083701
thick_fast,174.5,0.051212157,0.075779592,0.056506923,0.0072375426,0.62848846,0.63448015,0.59134451,0.63479554,3.1524279,0.78810698
thick_fast,175,0.050941548,0.075388493,0.056205613,0.0071976419,0.62768228,0.63344665,0.58980183,0.6336998,3.1415222,0.78538054
thick_fast,175.5,0.05067243,0.074999395,0.055906006,0.00715799,0.62687365,0.63241199,0.58826283,0.63261702,3.130631,0.78265776
thick_fast,176,0.050404794,0.07461229,0.055608091,0.0071185851,0.62606261,0.63137618,0.5867275,0.63153576,3.1197547,0.77993868
thick_fast,176.5,0.050138631,0.074227165,0.055311857,0.007079425,0.62524918,0.63033926,0.58519582,0.63045427,3.1088935,0.77722338
thick_fast,177,0.049873932,0.073844012,0.055017292,0.0070405077,0.62443341,0.62930125,0.5836678,0.62938677,3.0980476,0.77451189
thick_fast,177.5,0.049610687,0.073462819,0.054724387,0.0070018314,0.6236153,0.62826219,0.58214343,0.62831842,3.0872172,0.7718043
thick_fast,178,0.049348888,0.073083579,0.054433129,0.006963394,0.6227949,0.6272221,0.58062271,0.62725416,3.0764025,0.76910063
thick_fast,178.5,0.049088526,0.072706279,0.054143509,0.0069251937,0.62197223,0.62618102,0.57910562,0.62619881,3.0656038,0.76640096
thick_fast,179,0.048829591,0.072330911,0.053855515,0.0068872285,0.62114731,0.62513895,0.57759217,0.6251426,3.0548213,0.76370533
thick_fast,179.5,0.048572075,0.071957465,0.053569138,0.0068494965,0.62032019,0.62409594,0.57608235,0.62409594,3.0440552,0.76101379
thick_fast,180,0.04831597,0.071585931,0.053284366,0.006811996,0.61949088,0.62305201,0.57457614,0.62305201,3.0333056,0.75832641
thick_fast,180.5,0.048061266,0.0712163,0.05300119,0.006774725,0.61865941,0.62200719,0.57307356,0.62201062,3.0225729,0.75564322
thick_fast,181,0.047807955,0.070848561,0.052719599,0.0067376817,0.61782581,0.6209615,0.57157459,0.62097832,3.0118571,0.75296428
thick_fast,181.5,0.047556029,0.070482705,0.052439583,0.0067008644,0.61699011,0.61991497,0.57007922,0.61994509,3.0011585,0.75028964
thick_fast,182,0.04730548,0.070118723,0.052161132,0.0066642713,0.61615233,0.61886763,0.56858745,0.61892213,2.9904774,0.74761934
thick_fast,182.5,0.047056298,0.069756605,0.051884235,0.0066279006,0.6153125,0.61781949,0.56709928,0.61789986,2.9798137,0.74495343
thick_fast,183,0.046808475,0.069396342,0.051608884,0.0065917506,0.61447065,0.61677059,0.5656147,0.61688386,2.9691679,0.74229197
thick_fast,183.5,0.046562004,0.069037924,0.051335068,0.0065558196,0.61362681,0.61572095,0.5641337,0.61587191,2.95854,0.73963499
thick_fast,184,0.046316875,0.068681342,0.051062777,0.0065201059,0.61278099,0.6146706,0.56265627,0.61486371,2.9479302,0.73698255
thick_fast,184.5,0.046073082,0.068326587,0.050792001,0.0064846077,0.61193324,0.61361956,0.56118242,0.61386149,2.9373387,0.73433468
thick_fast,185,0.045830616,0.06797365,0.050522732,0.0064493236,0.61108356,0.61256784,0.55971213,0.61286177,2.9267657,0.73169143
thick_fast,185.5,0.045589468,0.067622521,0.050254959,0.0064142517,0.610232,0.61151549,0.5582454,0.61186867,2.9162114,0.72905284
thick_fast,186,0.045349631,0.067273191,0.049988673,0.0063793905,0.60937856,0.61046252,0.55678223,0.61087792,2.9056758,0.72641896
thick_fast,186.5,0.045111098,0.066925651,0.049723865,0.0063447383,0.60852329,0.60940895,0.5553226,0.60989339,2.8951593,0.72378982
thick_fast,187,0.04487386,0.066579892,0.049460525,0.0063102937,0.60766621,0.60835481,0.55386652,0.60891196,2.8846619,0.72116547
thick_fast,187.5,0.044637909,0.066235905,0.049198644,0.006276055,0.60680733,0.60730012,0.55241397,0.60793542,2.8741838,0.71854596
thick_fast,188,0.044403238,0.065893682,0.048938214,0.0062420206,0.60594669,0.6062449,0.55096495,0.60696351,2.8637252,0.7159313
thick_fast,188.5,0.04416984,0.065553213,0.048679224,0.0062081891,0.60508431,0.60518918,0.54951946,0.60599442,2.8532862,0.71332156
thick_fast,189,0.043937706,0.065214489,0.048421666,0.0061745589,0.60422022,0.60413298,0.54807748,0.60503211,2.842867,0.71071676
thick_fast,189.5,0.043706829,0.064877501,0.048165531,0.0061411284,0.60335443,0.60307632,0.54663901,0.60407184,2.8324678,0.70811694
thick_fast,190,0.043477202,0.064542242,0.04791081,0.0061078964,0.60248698,0.60201922,0.54520405,0.60311718,2.8220886,0.70552214
thick_fast,190.5,0.043248818,0.064208701,0.047657494,0.0060748611,0.60161789,0.60096171,0.54377259,0.60216679,2.8117296,0.7029324
thick_fast,191,0.043021668,0.063876871,0.047405576,0.0060420212,0.60074718,0.5999038,0.54234462,0.60121945,2.801391,0.70034775
thick_fast,191.5,0.042795745,0.063546743,0.047155045,0.0060093753,0.59987488,0.59884551,0.54092014,0.60027724,2.7910729,0.69776822
thick_fast,192,0.042571043,0.063218308,0.046905893,0.005976922,0.599001,0.59778688,0.53949914,0.59933961,2.7807754,0.69519386
thick_fast,192.5,0.042347555,0.062891558,0.046658112,0.0059446597,0.59812559,0.59672791,0.53808161,0.59840557,2.7704987,0.69262468
thick_fast,193,0.042125272,0.062566483,0.046411694,0.0059125871,0.59724864,0.59566863,0.53666755,0.59747547,2.760243,0.69006074
thick_fast,193.5,0.041904188,0.062243077,0.046166629,0.0058807029,0.5963702,0.59460906,0.53525695,0.59654951,2.7500082,0.68750205
thick_fast,194,0.041684296,0.061921329,0.045922911,0.0058490056,0.59549028,0.59354923,0.53384981,0.59562785,2.7397946,0.68494866
thick_fast,194.5,0.04146559,0.061601233,0.045680529,0.005817494,0.59460891,0.59248914,0.53244612,0.59471049,2.7296024,0.68240059
thick_fast,195,0.041248061,0.061282779,0.045439477,0.0057861666,0.59372611,0.59142881,0.53104587,0.59379736,2.7194315,0.67985787
thick_fast,195.5,0.041031703,0.06096596,0.045199747,0.0057550222,0.5928419,0.59036828,0.52964906,0.59288832,2.7092821,0.67732054
thick_fast,196,0.040816509,0.060650766,0.044961329,0.0057240594,0.5919563,0.58930756,0.52825568,0.59198311,2.6991545,0.67478861
thick_fast,196.5,0.040602473,0.06033719,0.044724216,0.0056932769,0.59106934,0.58824666,0.52686573,0.59108187,2.6890485,0.67226213
thick_fast,197,0.040389588,0.060025224,0.0444884,0.0056626735,0.59018105,0.58718561,0.52547919,0.5901847,2.6789645,0.66974112
thick_fast,197.5,0.040177847,0.05971486,0.044253874,0.0056322479,0.58929143,0.58612443,0.52409606,0.58929151,2.6689025,0.66722561
thick_fast,198,0.039967243,0.059406089,0.044020629,0.0056019987,0.58840051,0.58506312,0.52271634,0.58840051,2.6588625,0.66471563
thick_fast,198.5,0.03975777,0.059098903,0.043788658,0.0055719249,0.58750832,0.58400173,0.52134001,0.58750832,2.6488448,0.66221119
thick_fast,199,0.039549421,0.058793295,0.043557952,0.005542025,0.58661488,0.58294025,0.51996708,0.58661488,2.6388493,0.65971234
thick_fast,199.5,0.039342191,0.058489256,0.043328505,0.005512298,0.58572021,0.58187871,0.51859754,0.58572021,2.6288763,0.65721908
thick_fast,200,0.039136071,0.058186778,0.043100309,0.0054827425,0.58482433,0.58081712,0.51723137,0.58482433,2.6189258,0.65473146
thick_fast,200.5,0.038931056,0.057885854,0.042873356,0.0054533575,0.58392725,0.57975551,0.51586858,0.58392725,2.608998,0.65224949
thick_fast,201,0.03872714,0.057586476,0.042647638,0.0054241417,0.58302901,0.57869389,0.51450915,0.58302901,2.5990928,0.6497732
thick_fast,201.5,0.038524317,0.057288636,0.042423149,0.0053950938,0.58212963,0.57763228,0.51315308,0.58212963,2.5892104,0.64730261
thick_fast,202,0.038322579,0.056992327,0.042199881,0.0053662129,0.58122911,0.5765707,0.51180037,0.58122911,2.579351,0.64483774
thick_fast,202.5,0.038121921,0.056697539,0.041977827,0.0053374977,0.5803275,0.57550915,0.51045101,0.5803275,2.5695145,0.64237862
thick_fast,203,0.037922336,0.056404267,0.041756978,0.005308947,0.57942479,0.57444767,0.50910498,0.57942479,2.5597011,0.63992527
thick_fast,203.5,0.037723819,0.056112501,0.04153733,0.0052805598,0.57852103,0.57338627,0.50776229,0.57852103,2.5499109,0.63747771
thick_fast,204,0.037526363,0.055822235,0.041318873,0.0052523348,0.57761622,0.57232496,0.50642292,0.57761622,2.5401439,0.63503597
thick_fast,204.5,0.037329962,0.055533461,0.041101601,0.0052242711,0.57671038,0.57126375,0.50508688,0.57671038,2.5304002,0.63260005
thick_fast,205,0.03713461,0.055246171,0.040885507,0.0051963675,0.57580354,0.57020267,0.50375415,0.57580354,2.52068,0.63016999
thick_fast,205.5,0.036940302,0.054960358,0.040670584,0.005168623,0.57489572,0.56914174,0.50242473,0.57489572,2.5109832,0.6277458
thick_fast,206,0.036747031,0.054676015,0.040456825,0.0051410363,0.57398694,0.56808096,0.50109861,0.57398694,2.50131,0.6253275
thick_fast,206.5,0.036554791,0.054393133,0.040244223,0.0051136065,0.57307721,0.56702035,0.49977579,0.57307721,2.4916604,0.62291511
thick_fast,207,0.036363577,0.054111706,0.040032771,0.0050863326,0.57216655,0.56595994,0.49845625,0.57216655,2.4820346,0.62050865
thick_fast,207.5,0.036173382,0.053831727,0.039822463,0.0050592134,0.57125499,0.56489972,0.49714,0.57125499,2.4724326,0.61810814
thick_fast,208,0.035984201,0.053553187,0.039613291,0.0050322479,0.57034254,0.56383973,0.49582702,0.57034254,2.4628544,0.61571359
thick_fast,208.5,0.035796029,0.05327608,0.03940525,0.0050054351,0.56942923,0.56277997,0.49451731,0.56942923,2.4533001,0.61332502
thick_fast,209,0.035608859,0.053000398,0.039198332,0.004978774,0.56851507,0.56172046,0.49321086,0.56851507,2.4437698,0.61094245
thick_fast,209.5,0.035422685,0.052726134,0.038992531,0.0049522635,0.56760007,0.56066121,0.49190767,0.56760007,2.4342636,0.6085659
thick_fast,210,0.035237503,0.052453282,0.03878784,0.0049259027,0.56668427,0.55960224,0.49060772,0.56668427,2.4247815,0.60619537
thick_fast,210.5,0.035053306,0.052181833,0.038584253,0.0048996906,0.56576768,0.55854356,0.48931102,0.56576768,2.4153236,0.60383089
thick_fast,211,0.03487009,0.051911781,0.038381763,0.0048736261,0.56485031,0.5574852,0.48801756,0.56485031,2.4058899,0.60147247
thick_fast,211.5,0.034687848,0.051643118,0.038180365,0.0048477084,0.56393218,0.55642715,0.48672732,0.56393218,2.3964805,0.59912012
thick_fast,212,0.034506574,0.051375838,0.03798005,0.0048219364,0.56301332,0.55536944,0.4854403,0.56301332,2.3870955,0.59677387
thick_fast,212.5,0.034326265,0.051109934,0.037780814,0.0047963092,0.56209374,0.55431207,0.4841565,0.56209374,2.3777348,0.59443371
thick_fast,213,0.034146913,0.050845398,0.03758265,0.0047708258,0.56117346,0.55325507,0.48287591,0.56117346,2.3683987,0.59209967
thick_fast,213.5,0.033968515,0.050582224,0.037385552,0.0047454853,0.5602525,0.55219845,0.48159853,0.5602525,2.359087,0.58977176
thick_fast,214,0.033791063,0.050320405,0.037189513,0.0047202868,0.55933087,0.55114222,0.48032434,0.55933087,2.3498,0.58744999
thick_fast,214.5,0.033614554,0.050059933,0.036994528,0.0046952293,0.5584086,0.55008639,0.47905334,0.5584086,2.3405375,0.58513437
thick_fast,215,0.033438982,0.049800803,0.03680059,0.004670312,0.55748569,0.54903097,0.47778552,0.55748569,2.3312997,0.58282492
thick_fast,215.5,0.033264341,0.049543007,0.036607693,0.0046455339,0.55656217,0.54797599,0.47652088,0.55656217,2.3220866,0.58052164
thick_fast,216,0.033090627,0.049286539,0.036415831,0.0046208941,0.55563805,0.54692145,0.4752594,0.55563805,2.3128982,0.57822456
thick_fast,216.5,0.032917834,0.049031391,0.036224999,0.0045963917,0.55471336,0.54586736,0.47400109,0.55471336,2.3037347,0.57593367
thick_fast,217,0.032745957,0.048777557,0.03603519,0.0045720258,0.55378811,0.54481375,0.47274594,0.55378811,2.2945959,0.57364899
thick_fast,217.5,0.032574991,0.048525031,0.035846399,0.0045477957,0.55286231,0.54376061,0.47149394,0.55286231,2.2854821,0.57137053
thick_fast,218,0.032404931,0.048273806,0.035658619,0.0045237003,0.55193598,0.54270797,0.47024508,0.55193598,2.2763932,0.56909829
thick_fast,218.5,0.032235772,0.048023875,0.035471845,0.0044997389,0.55100914,0.54165583,0.46899935,0.55100914,2.2673292,0.5668323
thick_fast,219,0.032067509,0.047775231,0.035286071,0.0044759105,0.55008181,0.54060421,0.46775676,0.55008181,2.2582902,0.56457255
thick_fast,219.5,0.031900136,0.047527868,0.035101291,0.0044522144,0.549154,0.53955312,0.46651729,0.549154,2.2492762,0.56231905
thick_fast,220,0.03173365,0.04728178,0.0349175,0.0044286496,0.54822573,0.53850257,0.46528093,0.54822573,2.2402873,0.56007182
thick_fast,220.5,0.031568045,0.04703696,0.034734692,0.0044052155,0.54729701,0.53745258,0.46404769,0.54729701,2.2313234,0.55783086
thick_fast,221,0.031403316,0.046793402,0.034552861,0.004381911,0.54636786,0.53640315,0.46281755,0.54636786,2.2223847,0.55559618
thick_fast,221.5,0.031239458,0.046551099,0.034372002,0.0043587355,0.5454383,0.53535429,0.4615905,0.5454383,2.2134711,0.55336779
thick_fast,222,0.031076467,0.046310045,0.034192109,0.0043356881,0.54450834,0.53430603,0.46036655,0.54450834,2.2045827,0.55114569
thick_fast,222.5,0.030914337,0.046070233,0.034013177,0.004312768,0.543578,0.53325836,0.45914568,0.543578,2.1957195,0.54892988
thick_fast,223,0.030753065,0.045831657,0.0338352,0.0042899744,0.5426473,0.53221131,0.45792789,0.5426473,2.1868816,0.54672039
thick_fast,223.5,0.030592644,0.045594311,0.033658173,0.0042673065,0.54171624,0.53116487,0.45671317,0.54171624,2.1780688,0.54451721
thick_fast,224,0.030433071,0.045358189,0.033482091,0.0042447635,0.54078485,0.53011907,0.45550151,0.54078485,2.1692814,0.54232034
thick_fast,224.5,0.030274342,0.045123285,0.033306947,0.0042223447,0.53985314,0.52907392,0.45429291,0.53985314,2.1605192,0.5401298
thick_fast,225,0.03011645,0.044889591,0.033132737,0.0042000493,0.53892112,0.52802941,0.45308736,0.53892112,2.1517824,0.53794559
thick_fast,225.5,0.029959392,0.044657103,0.032959456,0.0041778764,0.53798882,0.52698558,0.45188485,0.53798882,2.1430708,0.53576771
thick_fast,226,0.029803163,0.044425813,0.032787098,0.0041558255,0.53705624,0.52594241,0.45068538,0.53705624,2.1343847,0.53359617
thick_fast,226.5,0.029647758,0.044195717,0.032615658,0.0041338956,0.5361234,0.52489994,0.44948894,0.5361234,2.1257239,0.53143097
thick_fast,227,0.029493174,0.043966807,0.032445131,0.004112086,0.53519031,0.52385816,0.44829553,0.53519031,2.1170885,0.52927212
thick_fast,227.5,0.029339405,0.043739078,0.032275511,0.0040903961,0.534257,0.52281708,0.44710513,0.534257,2.1084785,0.52711962
thick_fast,228,0.029186447,0.043512523,0.032106794,0.004068825,0.53332347,0.52177673,0.44591775,0.53332347,2.0998939,0.52497347
thick_fast,228.5,0.029034295,0.043287137,0.031938975,0.0040473721,0.53238974,0.5207371,0.44473337,0.53238974,2.0913347,0.52283367
thick_fast,229,0.028882946,0.043062914,0.031772048,0.0040260365,0.53145582,0.5196982,0.44355199,0.53145582,2.082801,0.52070024
thick_fast,229.5,0.028732394,0.042839848,0.031606009,0.0040048177,0.53052173,0.51866006,0.44237359,0.53052173,2.0742927,0.51857317
thick_fast,230,0.028582636,0.042617932,0.031440852,0.0039837149,0.52958748,0.51762267,0.44119819,0.52958748,2.0658098,0.51645246
thick_fast,230.5,0.028433667,0.042397162,0.031276572,0.0039627273,0.52865309,0.51658604,0.44002576,0.52865309,2.0573525,0.51433812
thick_fast,231,0.028285482,0.042177531,0.031113165,0.0039418543,0.52771857,0.51555019,0.4388563,0.52771857,2.0489206,0.51223015
thick_fast,231.5,0.028138078,0.041959033,0.030950626,0.0039210952,0.52678393,0.51451512,0.43768981,0.52678393,2.0405142,0.51012855
thick_fast,232,0.027991451,0.041741663,0.03078895,0.0039004493,0.52584919,0.51348085,0.43652628,0.52584919,2.0321333,0.50803331
thick_fast,232.5,0.027845595,0.041525415,0.030628131,0.0038799159,0.52491435,0.51244738,0.4353657,0.52491435,2.0237778,0.50594446
thick_fast,233,0.027700507,0.041310283,0.030468166,0.0038594943,0.52397945,0.51141473,0.43420807,0.52397945,2.0154479,0.50386197
thick_fast,233.5,0.027556182,0.041096262,0.03030905,0.0038391839,0.52304448,0.51038289,0.43305337,0.52304448,2.0071434,0.50178586
thick_fast,234,0.027412617,0.040883345,0.030150777,0.0038189839,0.52210946,0.50935188,0.43190161,0.52210946,1.9988645,0.49971612
thick_fast,234.5,0.027269807,0.040671528,0.029993343,0.0037988937,0.52117441,0.50832172,0.43075277,0.52117441,1.990611,0.49765275
thick_fast,235,0.027127749,0.040460803,0.029836744,0.0037789127,0.52023934,0.5072924,0.42960686,0.52023934,1.982383,0.49559576
thick_fast,235.5,0.026986437,0.040251167,0.029680974,0.0037590403,0.51930425,0.50626393,0.42846385,0.51930425,1.9741806,0.49354514
thick_fast,236,0.026845869,0.040042614,0.02952603,0.0037392756,0.51836917,0.50523634,0.42732376,0.51836917,1.9660036,0.4915009
thick_fast,236.5,0.02670604,0.039835137,0.029371906,0.0037196182,0.51743411,0.50420961,0.42618656,0.51743411,1.9578521,0.48946302
thick_fast,237,0.026566945,0.039628731,0.029218598,0.0037000673,0.51649908,0.50318377,0.42505226,0.51649908,1.9497261,0.48743152
thick_fast,237.5,0.026428582,0.039423392,0.029066102,0.0036806224,0.51556409,0.50215881,0.42392084,0.51556409,1.9416255,0.48540639
thick_fast,238,0.026290946,0.039219113,0.028914413,0.0036612828,0.51462915,0.50113476,0.42279231,0.51462915,1.9335505,0.48338762
thick_fast,238.5,0.026154033,0.039015889,0.028763526,0.0036420478,0.51369428,0.50011161,0.42166664,0.51369428,1.9255009,0.48137522
thick_fast,239,0.026017839,0.038813714,0.028613437,0.0036229169,0.51275949,0.49908937,0.42054385,0.51275949,1.9174768,0.47936919
thick_fast,239.5,0.02588236,0.038612584,0.028464142,0.0036038895,0.51182479,0.49806806,0.41942392,0.51182479,1.9094781,0.47736952
thick_fast,240,0.025747593,0.038412493,0.028315637,0.0035849649,0.5108902,0.49704767,0.41830684,0.5108902,1.9015048,0.47537621
